dataMatrix	C100a	C100b	C100c
M86.0965	1313797.61844021	2346283.61756864	2199831.8940868
M89.5775	NA	NA	NA
M89.5944	NA	NA	NA
M89.6051	NA	NA	NA
M90.9767	5106007.35482488	6564507.32105305	6447733.55546476
M93.9829	NA	NA	NA
M93.9873	NA	NA	NA
M93.9950	NA	NA	NA
M94.0000	NA	NA	NA
M94.0078	NA	NA	NA
M94.0124	NA	NA	NA
M94.0234	NA	NA	NA
M94.0262	NA	NA	NA
M94.0321	NA	NA	NA
M94.0362	NA	NA	NA
M94.0401	NA	NA	NA
M94.0425	NA	NA	NA
M94.0437	NA	NA	NA
M94.0552	NA	NA	NA
M94.0991	NA	NA	NA
M94.1052	NA	NA	NA
M94.1167	NA	NA	NA
M94.1242	NA	NA	NA
M94.1339	NA	NA	NA
M94.1356	NA	NA	NA
M94.1397	NA	NA	NA
M94.1445	NA	NA	NA
M94.1538	NA	NA	NA
M95.0604	685629.13713184	993375.02882652	875626.486232038
M96.9218	11555241.0234047	11798830.9597099	13629842.0824619
M97.0761	1114447.34533038	1167650.73440278	987109.64945019
M98.9189	3036892.14294779	2897574.20676409	2879965.62034251
M102.0550	425296.351333251	562287.354221277	NA
M102.0914	3405898.45991167	3405365.30747783	NA
M103.9379	NA	NA	NA
M103.9419	NA	NA	NA
M104.1070	NA	NA	NA
M105.0699	4302867.69309973	4844241.85637734	3733356.71721098
M109.0760	7482333.50573563	7749454.43356407	6629390.30420811
M112.8957	11121448.9424704	11023618.7533977	11020725.581527
M114.0662	3787927.88423462	4219228.56920995	4175211.94282092
M114.8928	2599676.24720123	2710556.01072404	2784568.84757635
M115.0542	7559851.1229425	7681057.45130294	5517374.77626431
M116.0706	22245233.8553328	22803669.3222943	23491347.9559748
M117.0573	2748979.07162588	2538668.17223273	2174237.92100802
M117.0699	5790263.22958525	4875814.61521518	4148891.43451485
M118.0651	9770801.94760909	9328622.47944978	9104132.1653589
M118.0862	27308207.5048995	28200166.5313722	29895881.538737
M120.0655	2294414.34871079	2336845.67214873	2491247.14498326
M120.0808	2872417.82916936	2263221.21507969	2327238.94823518
M120.9661	603722.847061515	NA	573795.21966387
M121.0509	122658259.614793	104503127.137474	94239375.1646403
M121.9045	NA	NA	NA
M121.9232	NA	NA	NA
M121.9247	NA	NA	NA
M121.9269	NA	NA	NA
M121.9333	NA	NA	NA
M121.9391	NA	NA	NA
M121.9520	NA	NA	NA
M121.9738	NA	NA	NA
M121.9760	NA	NA	NA
M121.9938	NA	NA	NA
M122.0100	NA	NA	NA
M122.0542	4513962.08223987	3201210.5171773	4014449.66768367
M122.0579	NA	NA	NA
M122.0995	NA	NA	NA
M122.1256	NA	NA	NA
M122.1598	NA	NA	NA
M126.1026	81499099.8245328	124635981.19873	111163001.300936
M127.1059	6012736.00869722	5472794.82842695	4871879.07593195
M128.0494	23952127.8478598	19058160.3422955	17601743.7731112
M129.0658	988215.070873834	1040340.62937073	854623.945932545
M130.0498	1955847.68063145	2232763.20934855	2467285.5945456
M130.0862	1085605.25319448	1465336.20457251	1829782.12060952
M130.1087	319305323.249651	290908568.308084	265409459.287951
M131.0815	596446.53961781	691807.982855779	NA
M131.1057	3682474.54143962	2036935.67466124	2660637.56292433
M131.1120	9785332.21473518	8692010.96517718	8288068.26203035
M132.0655	3790320.10909363	4035488.20961741	4165651.60338819
M132.0767	2762213.88476255	3202180.90847702	2909373.90206213
M132.1019	58938805.9629904	60083542.3860023	57646862.9011984
M133.0971	1526239.14803199	1680743.18492953	1793790.93561658
M133.1052	1806771.72880841	1958263.70045634	2116383.2046456
M134.0448	563310.367045782	550778.627756037	NA
M134.0964	69015365.274054	65428953.2448955	57158814.3360672
M134.9884	1350501.82892699	1316365.41719993	NA
M135.0028	16443026.4661012	19052105.7436914	19213830.3866995
M135.0301	NA	NA	NA
M135.0998	3994966.42947665	3704548.05397512	3390018.27395486
M136.0757	39193123.0686269	35076700.2394653	34902125.3884823
M137.0573	174483.88016119	NA	392859.082029682
M137.0790	NA	NA	NA
M138.9065	3223615.48922233	3546765.26098753	3392576.37740282
M140.0682	1818996.32930819	2415629.65322842	2917498.22244721
M140.9035	2335282.31470032	1853902.13392931	2281789.26368724
M142.0651	3906512.29507626	3220352.83524359	3167557.04507274
M142.9183	736798.97485138	1061687.7839917	NA
M142.9480	2307463.66917123	2250722.87257071	2351350.55197038
M143.0328	5386144.58120333	4749164.85681901	4731307.64478276
M144.1019	1682911.40914242	1271101.49598748	2087330.56210117
M144.9921	1790246.49611938	1873958.00767876	1480093.601008
M145.0133	NA	NA	NA
M146.0600	17590387.2130479	13659785.9729641	12675286.4206461
M147.0916	NA	NA	NA
M147.1128	8512593.29292088	10150250.3201434	10101324.4419097
M148.0604	28982094.8251359	31985353.2265509	32066678.2714451
M148.0845	NA	NA	NA
M150.1124	89201989.3462266	78695119.6848129	66393875.3249239
M151.1158	3532347.93994054	2992164.73520349	2309766.43474961
M152.0566	98329634.8674716	80461550.6655116	70907120.4870534
M152.0620	66914302.448971	53291355.6001184	49405976.6179309
M152.9990	1487856.94812769	2139400.60180442	1973078.39147367
M153.0600	2530600.22228531	1575590.53187766	2043353.16447424
M153.0654	5551057.96416431	4540837.64408771	3503494.98969178
M154.0838	1602212.06413254	2125973.42930982	2237018.39534314
M154.9417	833201.633544392	981192.080355708	NA
M156.0767	7180203.55184552	7432312.21964443	8066032.83703485
M158.1175	2575955.40522541	2819248.38165613	2967060.23322334
M158.9641	10528315.5893492	9827149.11831452	10155455.9000007
M159.0917	41442213.4953561	36620656.0818536	34146731.4810334
M160.0604	11412284.1311854	12692004.5046147	12409554.1469177
M160.0717	6013731.12415779	5356326.99884126	3744913.42140903
M160.0757	19459771.9071185	17534413.9037177	13144076.9933714
M160.0950	2168002.88566268	NA	1974301.00107605
M162.1125	101126161.267021	91688810.2666549	82133484.537056
M163.0389	6271819.0482583	3516523.16084236	4059955.67624336
M163.0534	1708683.05056012	1846676.26055003	1115660.58613033
M163.1158	4144884.0091215	3520525.80052189	3424995.38617912
M164.0614	3047896.14615125	2326965.85050308	2079135.99331272
M164.9300	2992733.25576033	2903542.25324878	3543827.57640149
M165.0698	102649448.943227	87029826.6216388	68793668.4068115
M166.0254	22781984.809448	24321299.5620737	45054856.5898504
M166.0732	9549763.42141555	7934026.82772199	6667398.02079878
M166.0777	22125685.817413	17020045.9961813	14865050.8012404
M166.0862	13613422.4740705	15176840.6954434	16013850.1459192
M166.5277	2440991.32429287	1943509.82843725	3164295.93056673
M167.0583	NA	NA	NA
M167.0811	1800524.00946359	1332206.80626526	1763891.70183255
M167.0855	1238507841.81479	1063539267.42343	962827484.697041
M167.1042	1129607.84703147	3266436.80780596	5219325.02725037
M168.0889	176100041.866373	152024176.045911	134893945.037034
M169.0922	7415486.81607202	5353079.89595166	5367910.78847167
M170.0424	3361449.74719705	4854651.84373392	4496513.88920189
M170.0924	2396103.07633561	2158494.56733188	2704637.92037521
M170.0964	NA	NA	NA
M172.0944	50591236.979718	48885474.9832646	47119718.3289317
M173.4723	13859166.4713853	13668744.9331348	13330980.0328761
M174.0386	23057140.0680147	21009559.3493582	17462798.9581687
M174.0549	105870547.446328	84021782.2310385	72779468.826741
M174.0913	54504571.7861772	41317230.1691637	36957129.2608857
M175.0314	29173751.999249	35426942.4168434	61103526.0376071
M175.0583	6962351.09294645	5285872.2885748	4797273.975556
M175.0947	5111351.48901319	1700424.10689431	2520244.57081003
M175.1101	3276332.95307957	2909517.88893837	2493633.99082218
M175.1189	7904771.93165319	8010259.29504753	8215686.94529975
M175.5330	2386862.19836901	2646118.50087746	4755174.32614505
M176.1030	NA	NA	NA
M176.1182	2760658939.64461	2534447410.33121	2357045187.34129
M176.1280	29014966.5807087	25279724.1580894	23885653.8115198
M177.0546	81832387.4684782	62712232.672612	55028070.2425498
M177.0869	20118338.2794236	20195769.0466831	22731899.7177496
M177.0982	73782297.6330994	60549348.9613602	52481258.0650673
M177.1152	22799864.8362571	18472356.6092875	17149773.3412587
M177.1215	304347938.605987	279689493.350112	259826168.827289
M177.1244	2091420.43879671	NA	1881525.32837183
M178.0579	5500826.77138872	4165703.4655105	3281839.05640024
M178.1015	1554003.90274412	913215.054233458	NA
M178.1249	9131484.57050345	7798237.2188937	6991561.73300907
M182.0811	5198877.72970979	6019080.13173341	5610511.06756802
M182.9023	545864.790988128	912845.212994516	NA
M185.0420	24081320.4850895	20126526.8259117	18582568.0503845
M187.0577	2133510.91371473	2871579.70769044	2618974.32768322
M187.0713	1483452.81240897	2505697.34775862	2822094.18746286
M188.0683	2769750.09629821	2131163.5729647	2156178.8851821
M188.0706	5269989.80528338	6047168.1920442	6731254.41834175
M189.0871	4785226.92598933	3595918.60908169	5992557.52398604
M190.0125	10295932.2405152	9607649.36925905	9132128.92682541
M190.1437	2817753.69982248	2572695.88046103	2333382.11128631
M191.0766	NA	NA	NA
M191.1026	513041.871609603	NA	378446.683780134
M192.0243	2653147.81390215	3510941.57758833	3064661.37322575
M194.1387	8765556.31470926	7569486.57212612	6572423.70630935
M195.0459	4077912.28115511	3802666.0447295	NA
M196.0205	3714808.17068011	2896990.80770834	2545102.61498448
M196.0369	39939546.5456877	36946530.2608331	32694508.3364005
M196.8650	3121052.64774075	3960270.49619032	3282948.368046
M196.9886	1154804.67077116	1247852.18181714	NA
M197.0402	2251124.08045988	2487840.79144093	2006343.65607698
M197.0430	942984.065065078	NA	1235941.82547168
M197.0788	NA	NA	NA
M198.0972	1748028.6578216	1950082.52470439	1802278.37084008
M198.1001	1575083.89667393	1784584.64167917	1429627.66860902
M198.8621	2906607.78979286	3177943.87356267	3126032.04089236
M199.0365	65212006.3839333	63384204.0494627	57459016.618973
M199.0689	420170.044692464	677364.940902661	463980.274226126
M199.0801	6796619.02505233	5434853.51212979	4963136.36054024
M200.0399	3715381.64261371	3697382.19088249	3729073.81968567
M202.9759	NA	NA	NA
M203.0102	NA	2694191.18454253	3076372.22780162
M203.0526	200126612.570594	234715270.211728	230864660.345688
M204.0560	8215553.57023436	9451665.64521418	10183092.8178458
M204.1230	268626508.008745	235322784.5912	213670174.111007
M205.0970	6519672.62576889	5707929.23145184	6990633.82660943
M205.1263	18232814.7440697	14602018.878559	13771147.3215659
M206.1386	24419703.4414756	18885094.2314635	14868113.5512195
M206.8938	8643671.5459021	8911417.80773421	9027286.12800464
M207.0239	3553010.76982527	2564365.23456527	2606982.37084791
M208.8909	5826778.61034737	4920139.36821972	5736447.95107834
M211.0940	55017136.1706483	45341026.8792336	41411232.2100951
M212.0974	3362446.99151837	3133099.98447595	1461760.12011745
M214.0062	3153032.82320461	2879896.55421943	3133660.77151453
M214.9992	1462922.94461892	1709069.70813081	3252979.59249925
M215.0105	3487125.89129336	4441305.40042988	3616248.37291089
M215.0282	7652234.01350933	3627665.53467947	8434051.37532151
M215.0496	2128564.10572854	1353291.95509538	NA
M215.0535	NA	NA	NA
M216.1018	2825623.75929819	2951426.25066665	2326613.82985331
M216.1206	8880087.0416046	8879776.06695875	8487992.17325025
M216.9226	21339027.0540295	22989402.8669789	22848842.5742847
M218.0188	6331667.36352683	5489279.41239518	5405488.43937686
M218.1386	26900417.0547187	23468765.7086353	22167211.4255384
M218.9197	5431160.21566889	5700707.12837848	6064284.7387276
M219.0265	40457118.6017755	48865872.3144214	52725256.9665775
M219.1128	19041755.0173782	14172253.0376764	13442204.3954207
M221.0621	6452966.93996748	4879131.2244945	3788042.64793272
M222.8677	5916483.6636405	5918109.70902604	5129478.81531997
M223.0636	15963969.1706616	29763565.0905324	34677703.7499492
M223.0753	400699066.992853	358007190.894672	330309386.860094
M223.0940	NA	NA	NA
M224.0335	5644092.14382976	12584727.0588739	12787376.4436389
M224.0632	NA	2586963.74243379	3824715.64829445
M224.0786	55804997.8082798	43268403.8880348	42723593.9635859
M224.8648	2456832.11174559	3534204.49170553	2681258.05699337
M225.0345	5020463.85550092	6355253.71408893	6921340.90692245
M225.0429	NA	3663360.85644948	4281614.02024546
M225.0820	1849369.40352619	NA	1792144.89085443
M226.1049	1758337.46977055	1236875.57722071	NA
M226.9514	13274764.5911135	14565541.2074853	14459333.9041806
M227.0680	2351947.55417785	2458766.41121936	1961891.14177575
M228.1206	184143808.695225	158450414.136043	150051152.713111
M229.1239	9761195.25709179	11066219.0670378	8932156.60897268
M232.8966	11199584.62867	10750101.9439301	12370715.6995804
M233.0388	1088286.16707703	1366985.55430232	NA
M233.0759	11135870.9351539	9706742.84503284	8436236.24386834
M233.1284	65280546.4221718	51706612.8355453	43788336.3156491
M234.1317	5679862.21106608	3293664.74830088	4184991.08075484
M234.8936	2895211.40252562	3001631.11630975	2496676.07144072
M235.0924	67786504.6931296	75179896.3379096	78618912.9159393
M236.0958	3094711.69974786	1998660.93128306	2614423.39569664
M239.1257	NA	856925.764152198	716200.960919146
M241.0947	112300307.834	100282407.339719	93306152.6983095
M242.0980	9014658.12840481	7981683.85084972	7974707.5824998
M242.9254	5604931.99084604	5371466.87817744	5653301.65952534
M244.0945	11875962.2108051	10652070.4634516	9725103.71864954
M245.0572	212326681.388343	199629101.584094	182502123.481085
M246.0606	24716539.9248781	22202262.7829552	20524763.8432467
M247.0924	2024224.45429807	2168614.70740147	2262759.18961167
M249.0455	1189925.12479877	1518998.00175813	1952159.48943856
M249.1572	2430003.13209397	2640773.76955696	2741551.53442147
M251.0702	2117046.66420363	2064095.86410828	1619754.19030769
M254.8237	3920367.11494817	3853984.45355917	3278466.68626619
M255.0580	3448164.32150295	3668327.40295465	3222590.74816633
M255.0740	NA	NA	NA
M255.1034	NA	NA	NA
M255.1103	223337874.328575	203722670.399067	184144459.426574
M256.1137	20627564.792714	17496987.911999	17149050.2148976
M256.1695	859018458.425892	757874756.888551	687558707.616335
M256.8207	5990404.63351424	4934727.39147585	4197313.26668598
M257.0461	NA	3390135.06419403	3948333.69993475
M257.0686	30703580.4512875	29419678.3993913	28114981.5948008
M257.0743	4888514.15929776	5400144.42710492	5584282.82120243
M257.1729	153924316.72384	130494290.570097	113871179.891783
M258.0719	2258544.0732969	2263219.88532053	2144997.36752219
M258.1763	7349972.50436976	6262937.58038509	5507091.18615244
M258.1851	975091932.548157	871141249.761551	796493451.175645
M259.1885	172320507.785217	153920712.922299	134091679.854387
M260.1644	1271451895.52119	1081045750.1659	998406357.432992
M260.1855	890428947.14965	761011658.004606	701880668.511365
M260.1917	6995169.1036976	7154005.53765231	6205026.54715085
M261.0111	4678304.71833646	4543224.92433672	4181093.93178779
M261.0307	8641741.38863507	9006737.50768781	7170283.15725607
M261.1615	NA	NA	NA
M261.1677	206741166.446517	182224107.590148	166081668.317428
M261.1889	115842021.152196	95469659.4155837	87664668.8384874
M262.1698	9770716.68534687	8576670.12787745	7584818.72431009
M262.1910	3539028.18870461	2970696.61775765	2564472.30966068
M263.0560	61338054.5862642	133958450.424302	165795251.139994
M264.0304	NA	NA	NA
M264.0556	5833446.69156847	12901694.5984473	13880769.7153393
M264.0594	NA	4773807.37412497	5001817.82690575
M264.8525	NA	1915344.2275297	2078813.39948078
M265.0230	9961264.15539685	11327458.5548774	12847501.1118994
M265.0529	3032553.09711853	6975296.45548767	8537469.95330013
M265.2525	NA	674357.746330184	664211.637907091
M267.2682	1680114.81958192	1952610.68703309	1172575.39024113
M269.1244	58434243.4288669	46486228.581218	41579068.774135
M270.1277	4456250.81892282	2277651.57113787	2724793.95962764
M270.9777	2268929.40136344	NA	1753465.20177863
M271.0400	2909154.5203357	3494830.26931018	3530569.30146521
M271.0843	37528519.0937256	38844935.221647	36141045.7245109
M272.0876	3402401.58877595	3385845.16469535	3216831.89454971
M272.2008	2650955789.65053	2299693244.27646	2103784048.58621
M272.7945	3241077.07687501	2067414.23955798	NA
M273.0393	604058.146645251	669075.566957466	NA
M273.0824	NA	1972951.61888485	1852867.58745904
M273.1979	4907998.65151992	3873535.59537475	3328720.81565687
M273.2041	492662205.224552	443193928.091118	410227393.397219
M274.2012	6261917.24564835	5318036.01071551	4359289.32099818
M274.2075	29858773.0383858	25055510.7746461	21894255.0605092
M278.1514	24386009.784863	23062395.7705338	21293287.6206716
M279.0300	3505693.92887117	6523766.08524107	7537345.69787529
M279.0562	NA	759302.792719074	1033435.39400803
M279.1547	2965411.93342666	2904870.85500168	2265667.31232376
M282.1463	16904976.3338824	14657301.9899857	11153189.8686521
M282.1674	10939165.2417762	9709831.17478859	8739339.4819195
M282.2790	304928610.971784	234615873.808354	204239841.842914
M283.2824	42049810.7267461	30199370.8936139	26460393.79498
M284.2858	2257203.17855506	NA	1186256.39772071
M284.2947	8751226.95593061	6724016.87663416	5380663.78405909
M285.0756	51041526.8826298	38602469.8465979	32102766.1661692
M285.2787	2048561.72932723	1146372.63823643	1095883.59446936
M286.0790	7850501.61263358	5754172.60743675	4828560.96885583
M287.0550	1865807.10634163	1897420.15082984	2131784.00854075
M290.0910	2134357.55951367	1651429.82713261	1847614.05693816
M290.1750	1203971353.14606	1051725021.0734	952094756.680383
M291.1063	10804278.5444776	8414409.06057986	8304388.6301823
M291.1783	205951832.271117	176854082.247648	166546125.588693
M292.1805	8941768.52150918	8431804.17321369	7747873.44401423
M293.0978	1066551618.12821	1172676311.75854	1371178282.7541
M294.0949	4566449.94846568	4753054.31438622	4972396.45547283
M294.1011	114135633.955006	129723827.597423	133473961.94394
M295.1032	2451175.0392603	2875535.57096157	2641316.08492883
M296.0238	19295055.517451	14907593.167528	12767799.6435612
M296.1053	759225.878030329	999821.127531059	862362.368736334
M297.0271	1898028.30501715	NA	1559380.50448666
M298.0208	10813961.3646674	7890339.78833398	8012382.03735092
M300.2896	205265601.017217	163667959.021727	138136360.262957
M301.1409	949879.813151408	NA	833769.457063708
M301.2929	24678821.4333971	20041748.6178211	17984595.0496047
M302.2324	13056719.8012363	10799872.1422493	10622722.1532343
M302.2963	NA	NA	NA
M302.3052	271998561.725972	216174239.294604	190183947.273865
M303.3085	35965109.3159226	26679473.4689524	22991449.0893983
M304.2609	183558125.325767	160166130.46132	144377438.177967
M304.3119	1622665.64067618	1362575.54102141	NA
M305.1029	4827751.5252742	11287104.0686878	13813261.6111037
M305.2643	22364190.3712796	18498506.411799	18155790.539605
M307.0575	74101420.8093005	63121149.577415	55526713.9483085
M308.0609	7910196.19023778	6780152.17886755	6759902.84365135
M309.1120	121288404.667987	89373839.299145	74687559.199645
M310.1153	15191542.5254186	11564508.0174782	10945452.7056608
M312.1569	12097141.5443624	10922150.2390152	10796430.8696726
M313.0882	2278275.34981687	1788395.17483947	1466813.64611681
M313.2736	24872384.7215211	20045284.3209345	20989996.1585193
M314.2769	3121643.17615627	2841807.48989636	4272515.54343683
M315.0673	37043284.1093369	42092901.1426458	43654235.0326996
M315.0797	479463768.664475	526775202.701763	596705500.434994
M316.0692	1724360.32085497	1407258.62394022	2912589.65442482
M316.0767	1447734.25308129	1626592.64554675	1676996.99518129
M316.0831	40826403.2562661	51924387.7197291	49892431.5308845
M317.0558	2937723.1249069	NA	2169113.49604961
M317.0647	3271757.60189077	2985197.95276749	NA
M317.0851	882102.170341804	1195974.68088993	913053.377087361
M318.0057	59110057.7503631	48916601.5262038	41470175.6215385
M318.3001	328323303.391118	251617579.09277	216351402.259874
M319.0091	6464667.3904661	5343222.60056752	4612996.48716172
M319.3035	44393507.8344905	32608165.3331883	26486408.5719461
M320.0027	32188077.7578578	26658051.3458086	25289199.9745073
M320.2348	10846502.168593	10781676.1056689	9098625.37330044
M320.3068	2725439.03237548	1616640.36449105	1636783.30396938
M321.0061	2557864.87337582	2613266.97363836	2553454.86111978
M321.9998	3253496.94827474	2868453.58904641	2786813.26095837
M322.2715	42361756.9886686	36984110.8932356	30774347.9540324
M323.0314	20434071.8288303	19154052.9315774	17635870.0022664
M323.0559	954320.428976557	NA	1271133.01403665
M323.2748	5044955.37999575	4502055.7819566	4656033.61647457
M324.0347	1995861.60469451	1602384.3909456	NA
M324.2871	29402035.9883404	24633253.6610441	19560563.4220957
M325.2347	2374299.84537449	3416633.66196679	3430013.15196504
M325.2905	4344580.5545563	3037818.94380594	2743520.47746047
M329.2586	1127471426.49497	928601674.562728	835886242.402633
M330.2556	3990659.15139795	2662457.45555026	2387248.44163349
M330.2619	238780658.692018	198426983.422724	176033666.836682
M331.0447	253519390.259413	284077092.630963	316657259.879553
M331.0535	47120348.6466308	56150783.2380464	56621168.0741181
M331.0939	279185284.809951	249991618.909119	227933108.498914
M331.2652	14694604.1146886	12209238.8598068	10077904.7371393
M331.2841	27147540.2451383	28166098.6775863	21159655.2073926
M331.5463	1427068.66788606	1937352.43269327	2460116.53299823
M332.0418	579177.534959767	647684.080658406	1230573.97993983
M332.0481	18853821.1178581	20360620.7574345	NA
M332.0569	2887592.36752424	3288467.25411861	3291708.81919556
M332.0972	36942806.0321191	33796854.664469	30965558.6806971
M332.2875	4561710.33294595	3010392.09905093	3741940.10325943
M333.0408	804108.176921851	1481306.24494806	1415442.4204271
M333.0503	2080122.5115892	2636302.80183731	2543899.38971682
M333.1005	2062962.19470696	1754537.97847811	NA
M333.9797	6361810.53928197	5373496.56041691	4848807.32838519
M335.0376	2384177.36397588	2747577.59832506	2928305.34146892
M335.9767	3620843.20834636	2362771.80696594	1839252.46293222
M337.0491	4113048.1039393	4407151.72286427	4516748.68850723
M337.0616	89466158.0336255	120223514.870924	106248231.806613
M337.0748	1409746.92553681	4820032.28358773	8296895.17418093
M338.0650	4763490.85427311	6401634.46562496	6389201.14601493
M338.2454	2219355.87651731	NA	2051875.61737897
M338.3415	68751803.9464673	49212862.8297139	43039049.9072425
M339.0378	4628799.2764172	4593788.0621624	2021759.47084513
M339.3449	11944532.7465617	8942112.68711003	7975655.21720745
M339.9876	4875050.67671183	3099456.09474145	3774065.13316448
M340.2820	37872436.9737966	31062947.3253268	27725021.7335507
M341.2853	4720215.60845366	5065883.36557073	4210527.37015339
M341.3048	42591701.0258667	43078472.8033959	42384910.3307161
M342.3082	7903768.94891215	6606565.26434569	7277079.72821182
M345.1800	2347941.74945824	2985503.54644354	3388179.58688517
M345.2422	86497816.0638902	64669915.6976954	53333906.7031669
M346.2456	15087064.0219757	11213572.2213149	9602631.11898384
M347.0678	83515551.1505599	80801116.4540753	69213638.4678014
M348.0712	10742236.3844343	11660696.9446591	9622093.32803401
M348.3106	9303406.87552519	7132752.11512155	7598415.50152281
M349.0552	1051367.61210803	1813626.10382955	2182947.37823056
M349.0659	3288510.47559021	3314760.50588369	2358147.48488417
M350.0181	NA	1671969.0174735	1875183.94384797
M353.0266	44826930.2497997	53638770.8115277	51721015.9013016
M353.0355	19634466.8369755	23101019.1671312	22749499.8364903
M353.0758	3119112.93441979	3230315.6619869	2510654.52686711
M353.2660	753920219.450373	811297288.833349	815123600.03793
M354.0300	2622142.22716659	3090207.21929517	3054520.52726768
M354.0389	1434005.79964397	1335402.70713953	1525384.54996891
M354.2694	127777228.080214	144063452.077152	140842517.598472
M355.0112	NA	NA	NA
M355.0336	710764.570593263	NA	941811.54644547
M355.2518	NA	NA	NA
M355.2715	6470134.58023501	6941789.44656431	7162798.54150644
M356.2558	3455994.33244327	2645817.27640068	1764535.41913634
M359.0070	NA	NA	NA
M359.0310	1440521.92976077	1889354.70032023	1955485.74318473
M359.0436	29648529.775815	34165128.8537302	33780976.6963095
M359.1851	28416940.0354351	22767325.7564255	20185270.6974685
M359.3154	93380050.0504195	86786202.6592822	87032241.9838583
M360.0470	2017364.42894909	2407212.32758681	2339585.22748373
M360.1884	6318893.39624041	3956189.76741737	3617609.61838324
M360.3188	137004458.598276	116878415.162203	102444646.86222
M361.3268	20966404.2104711	17552034.4603885	15602897.0159185
M362.1508	358171445.864188	307311150.866649	273418110.447385
M362.9262	670107.601979404	367343.522588133	704299.004702797
M363.1542	41762551.413121	38171718.8552934	32119916.9314803
M364.1575	1986705.58125956	1955966.91715553	1216674.44256039
M366.2314	1165997.8004272	NA	695959.208732072
M367.2241	187869039.441217	170650711.995929	151327248.499189
M368.2275	27759283.9139137	24824865.9451474	23451795.8847214
M368.9945	NA	NA	NA
M369.0006	2981805.68857138	3456364.40413447	3755661.88357759
M369.2309	1733445.80793055	1568991.51978817	NA
M369.2399	100381101.209087	119043100.021028	120069599.994259
M369.3514	1913492.60346524	2712041.06907273	2288373.38016251
M370.2433	11929021.4524025	15390915.4768991	15771503.6678255
M371.2381	4141105.74608341	4647761.6178039	5268941.32937433
M375.0086	8625815.56351972	10348625.3985939	10756585.9919032
M375.0175	10582564.0106099	11725077.9011945	11727356.7522179
M376.2974	14218163.1024362	12556984.0250417	11419148.9778551
M376.3419	23020248.3851984	23440732.7487768	21886265.6561128
M377.0502	1422649.53918878	NA	1704340.66903135
M377.3008	2522549.4401892	1753506.83883235	1730666.39350954
M377.3453	4725731.41441565	3861549.50079259	4278919.4553788
M381.0256	4021825.28911434	5710768.34826168	4736194.39866801
M381.1671	102592168.43891	91032638.137049	80412357.4230253
M381.2973	1429837286.77429	1559610431.13176	1559370047.69893
M382.1704	16277538.2284748	13520660.3845963	13627528.764503
M382.3007	311052255.890552	342411823.257503	342082263.426542
M383.1157	2848365.30570064	4279644.12101582	4761130.25735605
M383.1980	15232242.3915818	12812784.9775678	13192598.2924382
M383.3028	17642754.0760839	19799147.2383507	20050887.8466571
M384.1328	14274369.6653498	12025259.6728247	10672334.2783012
M384.2014	3115683.0994873	1964907.58658198	2333446.66711452
M385.1361	1311122.18486819	1127711.26580849	NA
M388.7117	1788326.45111716	NA	2029710.77536487
M390.9764	387172.908262633	NA	715093.341204555
M390.9825	1565969.16762067	1796330.19155838	1947186.66220483
M393.0643	911802.625100757	683917.283630829	740128.861516941
M393.0830	NA	4178813.51375422	6816047.40384019
M393.2051	4726564.08162183	4262165.1344086	3663436.12011078
M394.2236	4244432.19288157	4838062.2217923	4525096.970502
M396.9905	1246102.77178668	1377438.29077253	1515136.36970136
M396.9995	1957157.04279499	2220620.98035861	2365352.5312015
M397.1409	13665878.4643301	13359119.7106436	11838353.5780574
M397.2712	257681288.341016	296888432.086311	301280694.809716
M398.1443	1783658.69521439	NA	1743382.47309658
M398.2746	34589502.2370339	41579790.5452237	42496161.0074537
M399.2589	1208069.42746857	1709877.89426883	2171925.30029902
M399.2694	10376452.8565278	10671026.4535823	11603970.3091935
M399.2779	2287559.2133724	3894941.78723141	2610698.578919
M400.1067	2994451.98830723	2346468.39852972	2124378.47625833
M402.8242	2211572.02725194	1926682.41002183	NA
M407.2208	297139350.551667	245534056.180805	217811272.665895
M408.2242	35837420.8041674	30048728.1120257	25655280.0243193
M408.2391	18484615.5146746	17574662.3017036	16339356.8122997
M409.2166	6729405.86134591	4061117.13558291	5267966.99673021
M409.2275	1438822.21643748	1402409.16432718	1470787.08009707
M409.2425	2582251.35888607	3641624.24971007	3252158.59649378
M409.3286	6179251.49970447	7083769.43243089	7809367.23958309
M410.8559	NA	2268132.94385055	2758027.91368893
M410.9852	1173201.14092922	1288832.86425803	1106140.73575032
M411.2247	8790210.99824318	8759507.77225856	7546339.87847254
M414.9971	5657248.36949206	5968829.41745275	NA
M415.2114	50299989.0598071	38539879.641849	33680525.15538
M415.2365	13444357.6464216	14162030.5477659	14393474.0974144
M416.2147	10574924.1403655	9042016.96169001	7052846.54666445
M416.2399	1786758.47023829	NA	1988138.63261648
M417.0021	6718663.33751479	8449015.45714533	8014333.14463509
M417.0302	NA	NA	NA
M418.9993	1767586.02329064	2458413.14365814	2287018.83535957
M421.2535	9086241.75416088	9802266.0395901	8440474.96692193
M427.2903	NA	3247569.8100445	4339804.44971593
M429.0216	2143766.19336629	2405592.25629477	2665268.13338065
M429.2027	20627301.2594355	18439286.2549144	15030843.8516337
M430.2061	3357337.66721345	2491324.12438228	2815058.69306272
M430.9136	459523.217592693	546072.034413905	1098455.38361521
M432.2378	24181528.6554389	19091974.9783059	17162897.9674625
M432.9672	NA	2174264.64466613	1658020.66886459
M432.9761	3506940.32710531	4143979.49736794	4108422.69953065
M433.0077	NA	6217592.81631076	2779417.05432269
M433.2412	5165211.66659649	4306300.66247009	3634289.72168813
M435.2116	2371973.89927166	2576071.21844193	NA
M436.9790	1748127.25128554	1044776.28597126	1023076.50225925
M437.1932	251500580.617872	228461188.095849	220520632.032774
M438.1966	43564398.2923456	39910883.8894375	35532380.8872946
M438.9842	3687983.04178313	4549215.42634023	4506435.07380544
M439.2000	3473619.15926499	2948242.40812901	2821235.95784408
M439.2559	16651902.3056015	16218751.4681529	16550227.4266657
M440.2594	2987429.21801291	3081870.77864414	3178655.45047794
M441.2530	4484775.74703227	4140455.17059523	4702928.16676045
M441.2974	2075708.86927038	1895232.79762786	2594356.25203673
M442.9960	921359.929551997	NA	469136.846600251
M443.2678	31749798.8343095	32941165.2561204	32791989.2418301
M444.2712	5063784.63771663	5106392.63678711	5313268.21296862
M445.1766	3191164.12940581	2686790.25966952	2793724.99104169
M449.2848	19296778.3613516	21347279.1775064	21188564.4615953
M450.2882	3544892.23262142	4278635.84089954	4442341.48703894
M451.0036	827412.622001902	835881.529074252	946609.846857891
M453.1672	171424573.396354	161861828.907347	151721058.372762
M454.1706	29385070.0300476	27478607.7784379	26673841.9548771
M454.9581	1842500.02074552	2407814.34658038	2207237.39159366
M454.9897	500971.72345981	NA	567056.77680096
M455.1653	5839629.0279541	6926107.30870691	5961461.66828606
M455.1740	1750103.59998115	2391316.95121008	2079473.18502088
M455.2299	2682139.93970798	1597209.37483589	3008487.65069589
M457.0205	NA	822634.304331624	726115.508615181
M459.0772	5427975.18767948	6265265.596439	2034602.89787565
M460.3268	1521981.10994801	1307800.20620859	NA
M462.3424	116940567.140264	88556011.7763781	74095158.8074716
M463.3458	21880711.8463935	16826369.3870458	15681381.6460315
M464.3492	NA	NA	NA
M464.3579	NA	NA	NA
M465.2586	1806868.62037621	2477645.65641598	3210876.83145013
M467.1018	NA	3355528.97359235	5729065.87720533
M467.1253	12123900.5348116	13274417.5258689	11161743.85237
M468.1014	NA	NA	NA
M468.1286	3501840.68904855	3583160.52626799	2735792.0478569
M469.2726	1920769.53504816	NA	1835730.82484091
M475.0547	1575284.66928469	1295045.26642535	NA
M483.2884	7477241.46223121	6596429.85675904	5020562.16837423
M484.2229	22763453.1815601	22162782.5048651	18247734.0329134
M484.3243	33949222.7556143	26254579.2846628	22743988.0399606
M485.2262	5721869.78241495	5945895.81212371	5699203.05495008
M485.3276	7389292.49882727	5597648.05246474	5826738.04756752
M490.3064	7005934.71316811	7177264.10980693	6059423.95803762
M496.3397	19301986.506177	20037518.9942554	21122986.9993826
M497.3430	2824408.1950822	4463751.75022188	5378109.85448609
M499.1639	1824338.00622249	1495983.90684429	1871595.04476979
M500.2983	4484211.58083326	3417577.06695201	3925912.225294
M504.3219	14037508.4497066	13408143.2116979	11965459.0270626
M505.3255	3828988.48523015	4209535.84729117	2935652.06057186
M507.2716	2045073.39940774	NA	1356881.36577908
M511.1082	1392129.14193124	1338106.59964788	1617024.00890785
M518.3216	27093156.7612048	33028676.3743224	36099746.0746536
M519.3250	5895239.4311464	6711770.1381985	7667903.1411831
M520.3397	3847492.73196964	4541854.44822529	3650359.69021773
M522.2962	6296155.41470912	5273888.24434824	4965630.50366915
M522.3553	2075613.99300101	1858911.52095056	2240708.1380028
M524.3710	5066236.16203511	4812299.1100232	5061074.36336333
M533.3295	1721024.51262182	2878425.67290566	2364704.76505068
M534.2956	2765467.76936629	4734881.48270573	4220585.66000109
M540.3068	4406984.10928948	3809775.62392765	2756363.60602222
M542.3216	6111166.74805163	6983053.66187475	8246171.81585917
M543.3252	1015430.72454012	1537890.1105699	1551677.94395954
M544.3130	12527650.5351124	12668489.4605489	10621992.5070898
M544.3375	3296394.51196524	3552085.79079011	4478046.31091711
M545.3162	3629406.54986112	3430465.78070176	3374601.38373463
M546.3530	6487511.84080137	7430702.91543311	8689345.15809027
M547.3086	11492548.480285	8775007.36450722	8167383.80382567
M547.3565	NA	2148875.83004235	1900961.67238174
M548.3118	3338788.99091915	2921348.91737027	2116721.35456643
M549.3056	2523179.76594264	2163698.55431172	NA
M549.3241	6054867.25315898	4224843.51673666	4140203.62188546
M561.3608	4430520.45611544	6188958.79799756	5311730.12596965
M561.3799	2780413.20629084	2012867.30103475	NA
M563.3399	36133451.6274531	27450715.2193879	22005563.1142296
M564.2744	29396233.1138953	23179681.3258756	21194125.2658363
M564.3432	10981623.8155861	9069275.54168641	7779434.7604166
M565.2778	10253559.1807825	8571083.5904364	7840953.9399012
M565.3370	9702035.53313166	7611518.63470811	7841251.34734168
M565.3555	14003182.9961572	12097200.0705162	9578029.43833357
M566.2900	22170097.8455947	21675454.3893316	20328347.4235747
M566.3404	3261515.81995163	2320702.71592749	NA
M566.3588	4706099.04994465	3391673.43137811	2851733.85960977
M567.2934	9133470.55873158	7641148.46692478	7325496.78803742
M567.3524	3730575.29864749	1900484.41973943	2404386.11508467
M568.2693	5845481.68626657	5280729.78617606	5161661.83183746
M575.3343	4029460.63923149	2956375.49269933	3270179.06393519
M576.2805	NA	NA	NA
M576.3181	200240431.329253	155753381.375412	142977125.658979
M577.3214	47852877.6287887	39755811.6228349	37243947.1122577
M578.3247	5012847.82029689	5463534.52118957	5082637.43713547
M579.3711	38642925.4149014	30968517.3867908	23818983.893898
M579.5346	1016351.23747087	1172214.21888856	1169684.58035576
M580.3056	98971825.8626112	83323998.4697323	75139576.9067207
M580.3745	12243264.6678092	11003146.9560264	8807605.65488151
M581.3091	32063049.7137798	26997586.1215661	22506857.0327746
M581.3682	10515939.51269	7931579.45100295	7301159.9418262
M582.3124	5077956.48683686	4600378.57086312	3599079.86995104
M590.3225	101746549.313492	95557744.5944848	88043292.0021999
M591.3258	28465733.7176523	26508076.1209476	25883926.9252266
M591.4959	NA	2405858.20363335	1667892.5401486
M592.3292	3805771.55155463	3215590.36428314	3058976.81353684
M597.3453	5558354.05706274	4403047.38929835	4355193.43271536
M598.2799	23001456.5011199	21231835.1017178	20127831.6516988
M598.3000	5877275.89155875	4344958.79380871	3872884.54635857
M599.2832	8655953.15777912	8528057.97777283	7657673.40725925
M599.3035	1479846.4103594	NA	1216689.13031145
M603.3657	8866479.3939369	8287382.94272769	7198294.20470507
M604.3689	2586954.41154763	2988375.90604904	2523725.23798267
M607.5661	1113445.3888372	1501212.91393093	1537224.91922729
M619.5271	11747813.7439383	15463697.128246	13837978.9843392
M620.5304	3761561.01993107	4734963.03755274	5069530.54653342
M623.1356	3180595.5891105	4042278.55956248	4228273.45887652
M624.1388	724343.122602858	695987.647308726	NA
M629.1524	2572860.64592934	2948342.74173428	3090087.27795212
M635.5011	3243038.04892189	4424993.42338596	4436907.41009134
M637.3638	2153320.20402197	1829873.68603118	NA
M645.1048	849221.536255017	NA	1006127.8677095
M645.1175	2526576.40738937	3142328.0338279	2962154.66068822
M647.5584	15067023.1938918	16336177.8854976	18728177.9938016
M648.5619	6254605.04424434	8193008.61511028	7024234.43709767
M651.1343	1987468.79138313	2507140.87094772	2375049.76869229
M660.0821	814437.300289444	1534479.22412678	562744.881718695
M661.0824	2398892.29202539	2727254.79533067	4415848.32046208
M662.5694	2779079.65330773	2482375.43135903	2480001.0808934
M663.5325	3996916.91510874	5784442.30708932	5235727.2482233
M664.5358	NA	1587875.03197069	1553434.43846743
M665.3661	2386866.65735071	1874050.73186798	2048358.9876479
M667.0996	2446538.33641566	2624223.87679173	2928170.0318936
M670.2559	1754183.64727958	2408870.1151202	2109061.02452055
M670.3738	6636668.39355427	6446248.74652466	6031306.96951204
M671.3772	2816636.0913067	1798089.63237222	2111722.2798079
M672.3895	4686473.79893916	4258496.84175044	4166255.72826511
M673.1164	1469352.7683988	1829681.76580113	1917560.23493875
M674.3685	3809129.89511944	3160860.00557134	2636130.13374479
M676.0468	1461863.10195596	NA	1377422.71456078
M683.0643	1259780.56399135	1322143.83574079	1552769.07139395
M683.5431	1732441.67345777	2525723.18668878	2647724.55411367
M685.4360	1190057.97079061	NA	1419229.5914531
M686.4051	32080808.6893522	28761754.7656157	25571217.8418349
M687.4083	13246103.1481081	13951215.1330508	8069238.27678928
M688.4118	2093118.85466739	1814091.46550962	NA
M689.0812	1476618.84097023	1741683.93653201	1913192.51839009
M689.3530	NA	1238431.80913389	1029803.46358456
M689.4022	4338568.86783822	3318258.17489864	4213005.6754478
M695.0984	1270154.44480474	1188530.68267335	999720.609375044
M703.4544	1462246.07443563	1816537.57340901	2642770.85961821
M703.5748	5102477.6908115	5274750.09273895	5185173.62570642
M704.3794	4977090.82171093	4766704.41426656	3927234.4710448
M704.5783	1626987.96032962	1669312.71186966	1387421.31251627
M705.0463	NA	861285.955446116	1134434.61817021
M705.3826	1789589.10109757	NA	1709645.14232354
M711.0633	NA	1036374.52712934	885481.220466106
M711.5745	14150222.1090017	14102404.5952038	15356903.5818177
M712.5779	5077242.5759118	5592716.57268192	6845985.16047672
M718.6320	4297488.07177764	2674413.24027353	3158446.37030282
M719.4284	NA	2127705.73067334	1707398.52119952
M725.5567	5531847.39784041	4899114.59155239	5881591.76830335
M726.5600	NA	1491636.74107451	1514588.19312526
M739.6058	13557326.9670239	16321329.2589389	16792318.9578223
M740.6091	5505462.91675326	7113386.17328623	6438361.71719427
M751.4289	3250491.94756132	4097881.10977438	2905108.52355567
M758.5692	24171669.9177599	26133048.4446723	29823488.7144675
M759.5727	11996299.5830951	12396459.816729	13725260.4161819
M760.5758	2312542.05691645	1797714.30089578	2433944.0644655
M760.5849	8704293.57954915	9171699.09361031	11678909.7038509
M760.5849_2	8704293.57954915	9171699.09361031	11678909.7038509
M761.5882	3494168.58240472	3623908.83475874	3517772.49370049
M780.5512	26678287.0199592	33917501.213975	35599330.0192635
M781.5548	13370049.3355155	6786254.01813485	17495405.1874264
M782.5673	8275387.67127943	13698705.3298253	14111642.4412243
M783.5710	5090990.23826268	2775887.5304272	6341089.95006743
M784.5848	5220940.29954109	4276780.46147111	6260943.09565952
M785.5880	1686702.15583167	2124120.66042257	1712214.24956577
M786.6004	10857162.7919506	8697613.9851878	12499433.8991773
M787.6038	4761674.55928992	5879054.35089474	7047984.21331802
M795.5018	2077762.78637069	NA	1907175.50675846
M796.5253	4271079.60468799	3501147.38860042	5343302.22793834
M796.5462	NA	2822281.02903116	3224036.730931
M804.5512	6633582.89013492	8165455.97185418	7470168.70212077
M805.5546	2438210.55855297	3663463.1635972	3764389.21632828
M806.5674	4467025.00798707	6619742.31219476	9583742.64770817
M807.5718	1352704.42256487	2936768.26498869	1887270.8950478
M808.5826	10891390.3423662	15794458.1878269	16077663.9695797
M809.5859	5995718.59407245	5735791.69055253	7082868.29906178
M810.6004	1864314.89593087	2348128.92155743	3928135.89388521
M813.6843	NA	773185.606064327	1241785.9308559
M828.5517	6912623.84509757	6836612.02012318	8339689.31073757
M829.5550	NA	2944009.16774303	4078158.50009707
M832.5827	2539235.67631783	3231564.93949998	3214890.3796771
M838.5642	2129171.20139942	2659697.24921949	2476264.53702713
M856.5830	5771894.46378455	6862482.35532919	6096656.68858823
M857.5866	2219552.55506141	2623050.99114286	2766548.52211978
M918.6157	2402815.01640448	NA	1809595.40049242
M934.6468	5786820.15496312	5970083.49633795	6293149.21279938
M935.6502	3318525.17212971	4159207.90254135	2994270.82759245
M952.6658	NA	1992166.49507342	1589196.0912281
