variableMetadata	mzMed	mzMin	mzMax	sizeSamp	scanMin	scanMax	nPeaks	meanSolvent	timeShifted	signalOverSolventPvalueMean	corSampPeakMean	corSampPeakSd	signalOverSolventRatioMean	imputationOk	variableID
M86.0965	86.0965189329336	86.0962219238281	86.0969924926758	54	18	88	3	0	0	0	0.383752731062773	0.150199386574608	Inf	1	M86.0965
M89.5728	89.57275471071	89.5722503662109	89.5733108520508	70	18	88	1	2018.93876953125	0	0	-0.205860140821627	NA	7.37171039239295	0	M89.5728
M89.5775	89.577503377741	89.5766754150391	89.5781402587891	57	18	75	1	0	0	0	0.170383838659374	NA	Inf	0	M89.5775
M89.5944	89.5943771938108	89.5933990478516	89.5950241088867	70	18	88	1	0	0	0	0.347467448010905	NA	Inf	0	M89.5944
M89.6051	89.6051298777262	89.6045913696289	89.6056442260742	58	18	76	1	0	0	0	0.172024494887118	NA	Inf	0	M89.6051
M90.9767	90.9767066127749	90.975700378418	90.9774398803711	57.5	18	92	6	27519.1658172607	0	0	0.794240482143584	0.072150104148985	11.4851924134002	1	M90.9767
M93.9748	93.9748041581134	93.9740447998047	93.9755172729492	66	19	85	1	2908.68158513849	0	0	0.247006302940454	NA	15.3877050736689	0	M93.9748
M93.9834	93.9833794671136	93.9824676513672	93.9840393066406	61	18	79	1	2818.57228597005	0	0	0.437109827136454	NA	18.706158940127	0	M93.9834
M93.9846	93.9845717921401	93.9835510253906	93.9851684570312	56	18	74	1	2412.86033935547	0	0	0.407471461722739	NA	17.339660507355	0	M93.9846
M93.9873	93.987252790663	93.9865341186523	93.98779296875	57	18	75	1	2481.60717773438	0	0	0.351800266276609	NA	20.2140556755782	0	M93.9873
M93.9889	93.9888848838566	93.9880599975586	93.9895629882812	54	18	72	1	3610.55723063151	0	0	0.396006132813501	NA	15.5203756693446	0	M93.9889
M93.9950	93.9950324348781	93.994384765625	93.9957275390625	62	18	80	1	2229.79814801897	0	0	0.241612105825766	NA	22.6816537513546	0	M93.9950
M94.0000	94.000032500426	93.9993209838867	94.0006256103516	56	18	74	1	4834.00592041016	0	0	0.518934009424996	NA	12.8192023875339	0	M94.0000
M94.0078	94.0078254629064	94.0072174072266	94.008430480957	58	18	76	1	0	0	0	0.338538468735688	NA	Inf	0	M94.0078
M94.0124	94.0124465985536	94.0117416381836	94.0132141113281	64	18	82	1	2487.75439453125	0	1.41340072488116e-05	0.241464414184748	NA	16.8897639472362	0	M94.0124
M94.0174	94.0173825687832	94.0166091918945	94.0180206298828	58	18	76	1	0	0	0	0.333006203441651	NA	Inf	0	M94.0174
M94.0209	94.0208812366832	94.0201263427734	94.0214691162109	59	18	77	1	0	0	0	0.0445717895358037	NA	Inf	0	M94.0209
M94.0262	94.0261501924491	94.025016784668	94.0277557373047	57	18	78	3	787.069051106771	0	0	0.267671736241134	0.0967164409808468	Inf	0	M94.0262
M94.0321	94.0321010044643	94.0315017700195	94.032600402832	58	18	76	1	2696.71176147461	0	1.91379576186534e-06	0.236049991681362	NA	11.1483885383609	0	M94.0321
M94.0362	94.0361511230469	94.0353240966797	94.036865234375	51	29	80	1	2594.17755126953	0	0	0.396159126481773	NA	22.0100748537854	0	M94.0362
M94.0401	94.0401373142149	94.0394821166992	94.0407485961914	56	18	74	1	0	0	0	0.220869925323141	NA	Inf	0	M94.0401
M94.0412	94.0412086607918	94.0401000976562	94.0417709350586	62	18	80	1	1766.9701944987	0	0	0.325103568177275	NA	35.0611157384355	0	M94.0412
M94.0437	94.0437175205776	94.0431671142578	94.0442962646484	62	18	80	1	0	0	0	0.31734287841071	NA	Inf	0	M94.0437
M94.0552	94.0551519626524	94.0544586181641	94.0556335449219	64	18	82	1	0	0	0	0.494826797291932	NA	Inf	0	M94.0552
M94.1052	94.1052276256473	94.1043548583984	94.1057281494141	61	18	79	1	0	0	0	0.423671360004223	NA	Inf	0	M94.1052
M94.1167	94.1166954888238	94.1156387329102	94.1173706054688	61	19	80	1	1817.65383911133	0	0	0.414030059664142	NA	24.4934294742746	0	M94.1167
M94.1227	94.1226978602554	94.1218414306641	94.123405456543	60	21	81	1	0	0	0	0.368502427316148	NA	Inf	0	M94.1227
M94.1401	94.1400601988363	94.139045715332	94.1410675048828	60	19	80	2	0	0	0	0.315841982634271	0.0820513791493946	Inf	0	M94.1401
M94.1445	94.1445399648351	94.1440124511719	94.1451034545898	63	19	82	1	0	0	0	0.423704550829583	NA	Inf	0	M94.1445
M94.1538	94.1537829312411	94.1530380249023	94.154426574707	60	21	81	1	0	0	0	0.324261126615365	NA	Inf	0	M94.1538
M94.1559	94.1558748483658	94.1551513671875	94.1563568115234	70	19	89	1	0	0	0	0.296973084462361	NA	Inf	0	M94.1559
M95.0604	95.0604486248377	95.0599975585938	95.0607986450195	56	18	94	3	0	0	0	0.162155433206131	0.357426271791107	Inf	1	M95.0604
M96.9218	96.921836335108	96.9212112426758	96.9220886230469	59	18	79	3	0	0	0	0.926274842694946	0.011403371129021	Inf	1	M96.9218
M97.0761	97.0760913028895	97.0756530761719	97.0768127441406	67	18	93	3	0	0	0	0.155597889189398	0.141726241422026	Inf	1	M97.0761
M98.9189	98.9188891128755	98.9184875488281	98.9192733764648	58	18	77	3	0	0	0	0.708550417601752	0.0330146041692216	Inf	1	M98.9189
M102.0550	102.054975323093	102.054145812988	102.055130004883	85.5	18	110	2	0	0	0	-0.0763748293823842	0.12399837351998	Inf	0	M102.0550
M102.0914	102.091388230064	102.090888977051	102.091537475586	56.5	18	77	2	2805.0125342475	0	1.77635683940025e-15	0.484732295239128	0.034646520978652	59.4814046128523	0	M102.0914
M103.9195	103.919523073592	103.918594360352	103.920143127441	68	20	88	1	0	0	0	0.133331495721408	NA	Inf	0	M103.9195
M103.9419	103.941940524714	103.940971374512	103.942558288574	62	20	82	1	0	0	0	0.353898796522856	NA	Inf	0	M103.9419
M104.1070	104.107025015158	104.106399536133	104.107345581055	70	18	88	2	66408.7600097656	0	0.00807211414361064	0.554019761810103	0	2.85420720740854	0	M104.1070
M105.0699	105.069903960595	105.06950378418	105.070068359375	59	18	81	3	0	0	0	0.723271760888928	0.0189401875961994	Inf	1	M105.0699
M109.0760	109.076044828995	109.07551574707	109.076278686523	65	18	88	3	0	0	0	0.547613912169008	0.0203886595190367	Inf	1	M109.0760
M112.8957	112.895723540207	112.895500183105	112.895957946777	57	18	81	3	0	0	0	0.896542745371031	0.0124734497677377	Inf	1	M112.8957
M114.0662	114.066191938587	114.065643310547	114.066436767578	70	18	89	3	0	0	0	0.602471234314378	0.0687039661452498	Inf	1	M114.0662
M114.8928	114.892771402995	114.892677307129	114.89289855957	59	18	78	3	0	0	0	0.695379675487318	0.0632673907830377	Inf	1	M114.8928
M115.0542	115.05422565645	115.053596496582	115.054382324219	58	18	78	3	0	0	0	0.768890183019879	0.00414469201610585	Inf	1	M115.0542
M116.0706	116.070605011029	116.069999694824	116.071151733398	58	18	79	3	2331.99705171131	0	0	0.880594601129185	0.00752727470671844	Inf	1	M116.0706
M117.0573	117.057290697855	117.056968688965	117.057456970215	60	20	89	3	0	0	0	0.593405566312414	0.0523910270419312	Inf	1	M117.0573
M117.0699	117.069866410221	117.069313049316	117.070053100586	61	18	89	3	0	0	0	0.763549106685849	0.042077095157339	Inf	1	M117.0699
M118.0651	118.065112529357	118.064384460449	118.065460205078	62	18	89	3	0	0	0	0.817327671500312	0.0370733319489495	Inf	1	M118.0651
M118.0862	118.086245439637	118.085639953613	118.086700439453	71	18	89	3	5531.80975495926	0	0	0.909202821618958	0.0086860404590591	150.932366162921	1	M118.0862
M120.0655	120.065502075922	120.06534576416	120.065979003906	68	18	89	3	0	0	0	0.305343369441208	0.112763142609674	Inf	1	M120.0655
M120.0808	120.080758621444	120.080612182617	120.08097076416	61	18	86	3	0	0	0	0.535017356054308	0.0429004618330739	Inf	1	M120.0808
M120.9661	120.966106232176	120.965995788574	120.966285705566	81	18	121	2	0	0	0	-0.461903321594289	0.0801263572866922	Inf	0	M120.9661
M121.0509	121.050878791428	121.050361633301	121.051528930664	68	18	88	6	3674.92491492069	0	0	0.965205218280018	0.00704356001669973	Inf	1	M121.0509
M121.8984	121.898391299778	121.897850036621	121.899024963379	64	19	83	1	4943.96606445312	0	0	0.201745104258367	NA	16.0226146291292	0	M121.8984
M121.9045	121.90451741773	121.903656005859	121.905151367188	52	18	70	1	3299.53299967448	0	0	0.35979141869005	NA	25.5605654228482	0	M121.9045
M121.9157	121.915666286762	121.914970397949	121.916404724121	55	18	73	1	3720.49703543527	0	0	0.265184846004965	NA	17.5705987143516	0	M121.9157
M121.9208	121.920824323382	121.920143127441	121.921508789062	57	18	75	1	0	0	0	0.379590485496505	NA	Inf	0	M121.9208
M121.9247	121.924704031393	121.924163818359	121.92529296875	54	18	72	1	2871.18501790365	0	0.00183211477060885	0.294610695154223	NA	19.334063378455	0	M121.9247
M121.9269	121.926917457581	121.926383972168	121.927490234375	57	18	75	1	3953.99332682292	0	0	0.411844205770503	NA	20.2418407914345	0	M121.9269
M121.9312	121.931184823172	121.930320739746	121.931838989258	57	18	75	1	6809.88911132813	0	9.18439990726938e-10	0.32883957955863	NA	8.73740372805123	0	M121.9312
M121.9333	121.93329679049	121.932685852051	121.93376159668	62	18	80	1	4771.90551757812	0	0	0.302715322716007	NA	15.5896042025612	0	M121.9333
M121.9391	121.939097086589	121.938369750977	121.939819335938	59	18	77	1	3120.59478759766	0	0	0.492457989676642	NA	26.8791182895792	0	M121.9391
M121.9524	121.952375531814	121.951477050781	121.95344543457	55	18	75	2	5891.23073032924	0	0.00205191314669573	0.346161763409438	0.0233719318873183	15.5795670284052	0	M121.9524
M121.9552	121.955201235684	121.954330444336	121.955688476562	55	18	73	1	3296.8867594401	0	0	0.648592985293298	NA	17.716989634183	0	M121.9552
M121.9704	121.970371002847	121.969505310059	121.971054077148	68	20	88	1	3930.30981445312	0	9.12603326241879e-13	-0.0243177970733837	NA	8.60577780715165	0	M121.9704
M121.9738	121.973795013428	121.972999572754	121.974403381348	62	18	80	1	3120.05792236328	0	8.47752136468038e-06	0.39289723179297	NA	39.0796586475515	0	M121.9738
M121.9836	121.983639053434	121.982757568359	121.984390258789	56	18	74	1	0	0	0	0.345486543396654	NA	Inf	0	M121.9836
M121.9888	121.988755337028	121.987869262695	121.989288330078	68	20	88	1	4050.15152994792	0	0.00688033038198532	0.0834597319910627	NA	12.0235260714065	0	M121.9888
M121.9938	121.993844909668	121.99308013916	121.994384765625	60	18	78	1	4903.10241699219	0	0.000108919766856452	0.308633220363451	NA	9.26678172126117	0	M121.9938
M121.9957	121.995664068993	121.994728088379	121.996292114258	62	18	80	1	3707.43551025391	0	0.00662612996762424	-0.136020299861705	NA	7.37780668730212	0	M121.9957
M122.0018	122.001771381923	122.000793457031	122.002372741699	58	35	93	1	0	0	0	-0.327737245344874	NA	Inf	0	M122.0018
M122.0480	122.04799041748	122.047302246094	122.048614501953	55	21	76	1	4416.31009928385	0	3.59601237676088e-12	0.362589557541678	NA	10.5154443536103	0	M122.0480
M122.0542	122.054221667832	122.053321838379	122.055038452148	59	18	80	3	1790.52235921224	0	0	0.648019126801235	0.0530872640458131	Inf	1	M122.0542
M122.0579	122.057903925578	122.057342529297	122.058380126953	50	18	68	1	0	0	0	0.284643679837114	NA	Inf	0	M122.0579
M122.0747	122.074725267364	122.07405090332	122.075180053711	57	18	75	1	0	0	0	0.360307354181837	NA	Inf	0	M122.0747
M122.0995	122.09947325054	122.098709106445	122.100112915039	57	21	78	1	0	0	0	0.183676166667451	NA	Inf	0	M122.0995
M126.1026	126.102565453613	126.101722717285	126.103073120117	69	18	97	6	8608.73466491699	0	0	0.812985763919879	0.14552766224134	Inf	1	M126.1026
M127.1059	127.10590196364	127.105758666992	127.106079101562	71	18	95	3	0	0	0	0.473499087038143	0.133400905266764	Inf	1	M127.1059
M128.0494	128.04944844603	128.049133300781	128.049896240234	70	18	91	3	0	0	0	0.873935986906715	0.033763721018961	Inf	1	M128.0494
M129.0658	129.065817676891	129.065246582031	129.066009521484	138	18	184	3	0	1	0	NA	NA	Inf	1	M129.0658
M130.0498	130.049839131972	130.049468994141	130.049987792969	76	18	96	3	1139.03299967448	0	0	0.157626639113651	0.189556496057511	Inf	1	M130.0498
M130.0862	130.086228390958	130.085708618164	130.086380004883	52	18	98	3	0	0	0	0.100739022668882	0.108143226202415	Inf	1	M130.0862
M130.1087	130.108707195983	130.108215332031	130.109237670898	71	18	91	5	9216.404296875	0	0	0.963529460648041	0.00839133706378606	Inf	1	M130.1087
M131.0815	131.08148052862	131.081314086914	131.081802368164	103.5	20	124	2	0	0	0	-0.255119401774786	0.360793318014413	Inf	0	M131.0815
M131.1057	131.105718340193	131.105545043945	131.105926513672	59	18	81	3	0	0	0	0.523927616866178	0.106360996192432	Inf	1	M131.1057
M131.1120	131.112038803101	131.111633300781	131.112213134766	60	18	89	3	0	0	0	0.788488886180208	0.102960985587182	Inf	1	M131.1120
M132.0655	132.065486947286	132.065002441406	132.065643310547	104	18	122	3	0	0	0	-0.673734316011182	0.0278898572278228	Inf	1	M132.0655
M132.0767	132.076721394857	132.076583862305	132.077087402344	64	18	88	3	0	0	0	0.489588336275689	0.0813489680536318	Inf	1	M132.0767
M132.1019	132.101878821083	132.101150512695	132.102416992188	72	18	93	3	5555.52066040039	0	0	0.906307657122881	0.0158505997084159	280.688340680345	1	M132.1019
M133.0971	133.097127339926	133.09700012207	133.097549438477	82	18	101	3	0	0	0	-0.173345431638996	0.244310413339532	Inf	1	M133.0971
M133.1052	133.10521538313	133.10481262207	133.105361938477	57	18	80	3	0	0	0	0.409149545072417	0.0816349332465311	Inf	1	M133.1052
M134.0448	134.044755497583	134.044189453125	134.044891357422	90	26	122	2	1436.37357584635	0	1.10072731340782e-06	-0.438988624740501	0.0414663583523287	Inf	0	M134.0448
M134.0964	134.096401333921	134.095794677734	134.097106933594	62	18	88	3	0	0	0	0.964456324969677	0.00799507482558049	Inf	1	M134.0964
M134.9884	134.988384731321	134.988098144531	134.988555908203	95.5	18	117	2	0	0	0	-0.531573256777832	0.0635798838633485	Inf	0	M134.9884
M135.0028	135.002830932015	135.002044677734	135.003311157227	60	18	86	3	1538.4963921441	0	0	0.921724953674066	0.0117443576005922	Inf	1	M135.0028
M135.0301	135.030094347502	135.029983520508	135.030212402344	59	25	84	1	0	0	0	0.0898480597351847	NA	Inf	0	M135.0301
M135.0998	135.099750180788	135.099578857422	135.099914550781	60	18	86	3	0	0	0	0.633817132369559	0.0333361819132554	Inf	1	M135.0998
M136.0757	136.075662535082	136.075271606445	136.076187133789	71	18	94	3	0	0	0	0.931305249206762	0.0112041333734416	Inf	1	M136.0757
M137.0573	137.057273513969	137.05712890625	137.057434082031	66	20	86	1	13551.7610909598	0	0.00944290975712225	0.0782446222599314	NA	4.09866770779716	0	M137.0573
M137.0790	137.079008622603	137.078887939453	137.079147338867	58	19	77	1	0	0	0	0.534050030397736	NA	Inf	0	M137.0790
M138.9065	138.906451034546	138.905853271484	138.907165527344	58	18	78	3	0	0	0	0.68790562665958	0.0309477735373366	Inf	1	M138.9065
M140.0682	140.068174501006	140.067749023438	140.068344116211	57	18	86	3	9466.70444980197	0	0	0.622536247986117	0.0298220039083829	15.9228368192193	1	M140.0682
M140.9035	140.903497695923	140.903366088867	140.90364074707	59	20	82	3	0	0	0	0.679810121707795	0.0717366148234058	Inf	1	M140.9035
M142.0651	142.065081157382	142.064697265625	142.065246582031	70	18	89	3	0	0	0	0.663381557080961	0.0236256438107027	Inf	1	M142.0651
M142.9183	142.918298112958	142.918121337891	142.918472290039	87	20	122	2	0	1	0	NA	NA	Inf	0	M142.9183
M142.9480	142.948038101196	142.947631835938	142.948211669922	77	19	101	3	0	0	0	-0.379531804371217	0.0776920646412546	Inf	1	M142.9480
M143.0328	143.032791245914	143.032241821289	143.032943725586	58	18	91	3	0	0	0	0.750276171822917	0.070387257550342	Inf	1	M143.0328
M144.1019	144.101876831055	144.101455688477	144.102066040039	61	18	81	3	1020.02756076389	0	0	0.409283546673232	0.14799675408149	Inf	1	M144.1019
M144.9921	144.992074870596	144.991836547852	144.992553710938	74.5	43	123	2	0	0	0	-0.104142322459344	0.132427482720738	Inf	0	M144.9921
M146.0600	146.059988759047	146.059432983398	146.060195922852	63	18	86	3	0	0	0	0.824722007681665	0.0576122436182909	Inf	1	M146.0600
M147.0916	147.091621681496	147.091522216797	147.091751098633	61	18	79	1	0	0	0	0.41200992008848	NA	Inf	0	M147.0916
M147.1128	147.112763167547	147.11262512207	147.112991333008	71	18	93	3	2903.69189453125	0	0	0.231087883538219	0.215149186070146	Inf	1	M147.1128
M148.0604	148.060396659572	148.060012817383	148.060897827148	71	18	93	3	5412.06809895833	0	0	0.593681442446498	0.103322710680898	Inf	1	M148.0604
M148.0845	148.084474945068	148.084320068359	148.084609985352	60	18	78	1	0	0	0	0.631069312511128	NA	Inf	0	M148.0845
M150.1124	150.112438180048	150.111907958984	150.11296081543	74	18	98	3	14494.0882025825	0	0	0.894935446602279	0.037194266297541	140.895800854455	1	M150.1124
M151.1158	151.115798563897	151.115615844727	151.115921020508	68	18	89	3	0	0	0	0.366699892849947	0.226550002166743	Inf	1	M151.1158
M152.0567	152.05665371457	152.055755615234	152.057312011719	68	18	88	3	0	0	0	0.90048818620972	0.0256344449185945	Inf	1	M152.0567
M152.0620	152.062017384405	152.061325073242	152.0625	62	18	89	3	0	0	0	0.962437439625352	0.00452163247340848	Inf	1	M152.0620
M152.9990	152.998950171188	152.99853515625	152.999130249023	116	18	252	3	1561.81320529514	1	0	NA	NA	Inf	1	M152.9990
M153.0600	153.060010736639	153.059783935547	153.060348510742	57	18	89	3	0	0	0	0.254562356764739	0.100074433214353	Inf	1	M153.0600
M153.0654	153.065372935513	153.065124511719	153.065612792969	58	18	79	3	0	0	0	0.672596608603708	0.0906989485291645	Inf	1	M153.0654
M154.0838	154.083814559444	154.083633422852	154.083999633789	58	18	80	3	0	0	0	0.507223096196498	0.0512346410548281	Inf	1	M154.0838
M156.0767	156.076722570732	156.076110839844	156.076995849609	76	18	94	3	0	0	0	0.0954278192084081	0.131412424604246	Inf	1	M156.0767
M158.1175	158.117540067785	158.117324829102	158.117721557617	56	18	76	3	0	0	0	0.554625034054941	0.037948211917868	Inf	1	M158.1175
M158.9641	158.964053976125	158.963882446289	158.964202880859	56	18	74	3	34577.8110170718	0	0	0.83444144199546	0.0202443932605807	13.9772250994377	1	M158.9641
M159.0917	159.091655247371	159.091217041016	159.092132568359	66	18	86	3	0	0	0	0.941673736603016	0.013590963212874	Inf	1	M159.0917
M160.0604	160.060416795553	160.059799194336	160.060623168945	100	18	122	3	0	0	0	-0.714904721585353	0.019070813480748	Inf	1	M160.0604
M160.0717	160.071653793107	160.071350097656	160.071838378906	66	18	98	3	0	0	0	0.269415045583579	0.141247651338553	Inf	1	M160.0717
M160.0757	160.075667323328	160.075454711914	160.075988769531	71	18	91	3	0	0	0	0.771670737114479	0.0346987846577137	Inf	1	M160.0757
M160.0950	160.094999226959	160.094802856445	160.095230102539	58.5	20	83	2	0	0	0	0.556262622718953	0.0536296260319401	Inf	0	M160.0950
M162.1125	162.112470792988	162.111907958984	162.112609863281	76	18	96	3	8857.01214599609	0	0	0.9152364354164	0.0307037277033629	Inf	1	M162.1125
M163.0389	163.038891176634	163.038162231445	163.03938293457	62	18	86	3	0	0	0	0.612003087264226	0.0869292484836555	Inf	1	M163.0389
M163.0534	163.05337700477	163.052764892578	163.05387878418	60	18	82	3	0	0	0	0.355933610290362	0.15612005464671	Inf	1	M163.0534
M163.1158	163.115787693712	163.115539550781	163.116027832031	68	18	89	3	0	0	0	0.525978738385955	0.137650760733075	Inf	1	M163.1158
M164.0615	164.061473259559	164.060653686523	164.062042236328	61	18	79	3	0	0	0	0.511563853583548	0.0163774258389235	Inf	1	M164.0615
M164.9300	164.929969901856	164.92951965332	164.930206298828	69	18	94	3	1299.52844238281	0	0	0.158256833138644	0.186610082318141	Inf	1	M164.9300
M165.0698	165.069782265618	165.068664550781	165.070068359375	68	18	92	8	3350.1004486084	0	0	0.845232579828812	0.215114804345339	Inf	1	M165.0698
M166.0259	166.025857289632	166.024307250977	166.026290893555	102	18	252	7	0	1	0	NA	NA	Inf	1	M166.0259
M166.0731	166.073136416349	166.072250366211	166.073440551758	62	18	83	3	0	0	0	0.762070034017532	0.0787567558956556	Inf	1	M166.0731
M166.0776	166.077639791701	166.076812744141	166.077880859375	60	18	89	3	0	0	0	0.875117636049866	0.051307188485327	Inf	1	M166.0776
M166.0862	166.086228555637	166.085601806641	166.08642578125	62	18	88	3	0	0	0	0.839768527428836	0.0105783251770606	Inf	1	M166.0862
M166.5277	166.527731553564	166.526977539062	166.528137207031	151	19	212	3	0	1	0	NA	NA	Inf	1	M166.5277
M167.0811	167.081112983899	167.080276489258	167.081573486328	55	18	78	3	0	0	0	0.317234795223751	0.0675209408870915	Inf	1	M167.0811
M167.0855	167.085490628756	167.084716796875	167.085601806641	71	18	92	3	73064.3657118056	0	0	0.985914432588426	0.00317463808749021	497.482092970827	1	M167.0855
M167.1042	167.104209367619	167.10400390625	167.104446411133	58	18	76	3	6936.25345149461	0	0	0.634050662911369	0.171790686763617	26.5994358343066	1	M167.1042
M168.0888	168.088849857945	168.088272094727	168.089111328125	71	18	89	3	0	0	0	0.97744698870653	0.00227281063791871	Inf	1	M168.0888
M169.0922	169.092206682478	169.092025756836	169.092544555664	61	18	83	3	0	0	0	0.758803007884244	0.0616033213115718	Inf	1	M169.0922
M170.0424	170.042356460813	170.04216003418	170.042617797852	63	18	88	3	0	0	0	0.629777485574536	0.0718838711624807	Inf	1	M170.0424
M170.0924	170.092384338379	170.092132568359	170.09260559082	74	18	95	3	0	0	0	-0.156417733773211	0.168339791065726	Inf	1	M170.0924
M170.0964	170.096408918792	170.096206665039	170.096618652344	59	26	85	1	25635.5879991319	0	0.00166977889507702	-0.139229768136581	NA	4.29640842461642	0	M170.0964
M172.0944	172.09440111844	172.09375	172.094589233398	57	18	75	3	0	0	0	0.894796953167192	0.0230874547627367	Inf	1	M172.0944
M173.4724	173.472379181903	173.4716796875	173.472961425781	65.5	18	91	6	22129.7952564381	0	0	0.942001107207437	0.0389662769466327	17.6344446154136	1	M173.4724
M174.0386	174.038636618798	174.038330078125	174.038940429688	59	18	88	3	0	0	0	0.89512349579656	0.0170842540834756	Inf	1	M174.0386
M174.0549	174.054942036723	174.05419921875	174.055191040039	70	18	93	3	0	0	0	0.9416104227578	0.00130565314863689	Inf	1	M174.0549
M174.0913	174.091334582325	174.090789794922	174.091537475586	63	18	85	3	0	0	0	0.915421818607229	0.010158976198544	Inf	1	M174.0913
M175.0314	175.031360689799	175.030792236328	175.031646728516	104	18	252	3	0	1	0	NA	NA	Inf	1	M175.0314
M175.0583	175.058308293269	175.05744934082	175.058563232422	60	18	84	3	0	0	0	0.7108660468982	0.0782486084216694	Inf	1	M175.0583
M175.0947	175.094700372041	175.094345092773	175.09489440918	57	18	78	3	0	0	0	0.558024074756647	0.131841033292886	Inf	1	M175.0947
M175.1101	175.110130205546	175.109390258789	175.110778808594	61	18	81	3	0	0	0	0.564165510917449	0.0437963853207206	Inf	1	M175.1101
M175.1189	175.118946620396	175.118713378906	175.119201660156	71	18	93	3	0	0	0	0.340051068336833	0.131791079885301	Inf	1	M175.1189
M175.5330	175.533028617619	175.532501220703	175.533584594727	103	18	198	3	0	1	0	NA	NA	Inf	1	M175.5330
M176.1030	176.102989479348	176.102676391602	176.103210449219	65	18	83	1	0	0	0	0.455883343585998	NA	Inf	0	M176.1030
M176.1182	176.118201870389	176.117691040039	176.118286132812	70	18	91	3	337963.152832031	0	0	0.987895793598041	0.00284698066504405	222.667788699681	1	M176.1182
M176.1280	176.12801028895	176.127426147461	176.128326416016	68	18	89	3	0	0	0	0.851530960642003	0.00779524812116477	Inf	1	M176.1280
M177.0546	177.054586839816	177.053955078125	177.054916381836	71.5	18	93	4	8010.88876994779	0	0	0.948165256999034	0.0171360945267089	273.99779209461	1	M177.0546
M177.0869	177.086939179848	177.086395263672	177.087173461914	216	36	252	3	9160.38512369792	1	6.62292443109891e-12	NA	NA	23.520555575446	1	M177.0869
M177.0982	177.098172651854	177.097640991211	177.098434448242	78	18	99	3	0	0	0	0.494070220776238	0.0959562642562823	Inf	1	M177.0982
M177.1152	177.115224685669	177.114990234375	177.115493774414	65	18	83	3	0	0	0	0.904584032264878	0.0112768904073397	Inf	1	M177.1152
M177.1215	177.121526013167	177.12092590332	177.12174987793	68	18	88	3	0	0	0	0.981634413473625	0.0050994426900174	Inf	1	M177.1215
M177.1244	177.124388089187	177.124130249023	177.124694824219	56	18	76	2	0	0	0	0.457934433734029	0.0320250394050121	Inf	0	M177.1244
M178.0579	178.057930469513	178.057601928711	178.058212280273	67	18	89	3	0	0	0	0.669554040044787	0.0421039473147377	Inf	1	M178.0579
M178.1015	178.10151857058	178.101303100586	178.10173034668	70	18	102	2	0	0	0	0.163034521833149	0.0215222705364007	Inf	0	M178.1015
M178.1249	178.12488268931	178.12434387207	178.125534057617	58	18	89	3	0	0	0	0.770186646636921	0.0389159732968882	Inf	1	M178.1249
M182.0811	182.081140660459	182.080810546875	182.081436157227	70	18	89	3	1950.91825358073	0	0	0.48775850181719	0.00990427339534194	Inf	1	M182.0811
M182.9023	182.902342394921	182.901626586914	182.902694702148	95.5	43	147	2	0	1	0	NA	NA	Inf	0	M182.9023
M185.0420	185.042032822319	185.041793823242	185.042434692383	60	18	85	3	0	0	0	0.875839707448023	0.0202164719070981	Inf	1	M185.0420
M187.0577	187.057674153646	187.057281494141	187.057968139648	54	18	88	3	0	0	0	0.372013251341998	0.0195183584734385	Inf	1	M187.0577
M187.0713	187.071337307201	187.070953369141	187.071685791016	197	20	252	3	0	1	0	NA	NA	Inf	1	M187.0713
M188.0683	188.068278132258	188.067962646484	188.068603515625	54	18	78	3	0	0	0	0.534684304037522	0.141436947038147	Inf	1	M188.0683
M188.0706	188.070580595283	188.070343017578	188.070877075195	64	18	86	3	0	0	0	0.626300744855506	0.125176991937175	Inf	1	M188.0706
M189.0871	189.087073320899	189.086486816406	189.087493896484	192	20	250	3	0	1	0	NA	NA	Inf	1	M189.0871
M190.0125	190.012532284385	190.01220703125	190.012893676758	60	18	81	3	0	0	0	0.897018620815224	0.0248617410110298	Inf	1	M190.0125
M190.1437	190.14374363676	190.143432617188	190.144027709961	58	18	82	3	0	0	0	0.596529755404987	0.0689216306127536	Inf	1	M190.1437
M191.0766	191.076643676758	191.076248168945	191.076858520508	54	18	72	1	0	0	0	0.392175595589221	NA	Inf	0	M191.0766
M191.1026	191.102550018286	191.101959228516	191.102890014648	94.5	36	137	2	0	1	0	NA	NA	Inf	0	M191.1026
M192.0243	192.024306838577	192.024032592773	192.024642944336	55	18	76	3	0	0	0	0.498996612388673	0.107257674453984	Inf	1	M192.0243
M194.1387	194.138656514486	194.138366699219	194.138931274414	68	18	89	3	0	0	0	0.64528419402074	0.0384783566042028	Inf	1	M194.1387
M195.0459	195.045901784635	195.045608520508	195.046157836914	95.5	18	114	2	0	0	0	-0.576009043172326	0.0681106775168726	Inf	0	M195.0459
M196.0205	196.02051858341	196.020065307617	196.020904541016	57	18	77	3	0	0	0	0.554097589877801	0.0851129487045486	Inf	1	M196.0205
M196.0369	196.036869075748	196.036560058594	196.037216186523	58	18	77	3	0	0	0	0.954993586704994	0.0109716242161585	Inf	1	M196.0369
M196.8650	196.865036908318	196.86474609375	196.86540222168	57	18	79	3	0	0	0	0.733163727398451	0.0330347640921115	Inf	1	M196.8650
M196.9886	196.988619537303	196.987930297852	196.988952636719	102	18	122	2	0	0	0	-0.496232856396544	0.101975572404738	Inf	0	M196.9886
M197.0402	197.040224552155	197.039825439453	197.040557861328	58	18	79	3	0	0	0	0.610004645469961	0.0949345468483105	Inf	1	M197.0402
M197.0430	197.042954432603	197.042587280273	197.04328918457	140	20	218	2	0	1	0	NA	NA	Inf	0	M197.0430
M197.0788	197.078799775131	197.078216552734	197.079345703125	94	19	113	1	7562.63444010417	0	0	-0.312157722269886	NA	3.96009822966026	0	M197.0788
M198.0972	198.097195095486	198.096908569336	198.097457885742	61	18	88	3	0	0	0	0.311286144347844	0.0156747140732687	Inf	1	M198.0972
M198.1001	198.100148168103	198.099807739258	198.100433349609	55	18	76	3	0	0	0	0.476437961875777	0.158626450363587	Inf	1	M198.1001
M198.8621	198.862140655518	198.861541748047	198.862457275391	59	18	81	3	0	0	0	0.660173116701527	0.0212282062947215	Inf	1	M198.8621
M199.0365	199.036545116377	199.035873413086	199.036926269531	64	18	86	3	0	0	0	0.973957485650476	0.00188634273849229	Inf	1	M199.0365
M199.0689	199.068937906405	199.068603515625	199.0693359375	94	20	132	3	0	1	0	NA	NA	Inf	1	M199.0689
M199.0801	199.080133337724	199.079788208008	199.080444335938	61	18	79	3	0	0	0	0.625862694487708	0.0320727809265612	Inf	1	M199.0801
M200.0399	200.039887408821	200.039520263672	200.040328979492	58	18	89	3	0	0	0	0.616920026397013	0.0449567900755113	Inf	1	M200.0399
M202.9759	202.975882325854	202.975555419922	202.976181030273	87	37	124	1	0	0	0	0.00513903921072073	NA	Inf	0	M202.9759
M203.0102	203.01015019135	203.009841918945	203.010467529297	97	36	141	2	0	1	0	NA	NA	Inf	0	M203.0102
M203.0526	203.052636458382	203.052124023438	203.052947998047	72.5	18	95	4	29675.1667305541	0	0	0.934572624616435	0.00993551220421734	193.362308471322	1	M203.0526
M204.0560	204.055967305501	204.0556640625	204.056289672852	59	18	83	3	0	0	0	0.80057441394409	0.0380017692914265	Inf	1	M204.0560
M204.1230	204.123043327754	204.122756958008	204.12336730957	70	18	108	3	12379.1777140299	0	0	0.909292068262085	0.0246364179879224	Inf	1	M204.1230
M205.0970	205.097007017869	205.096008300781	205.097381591797	70	18	89	3	0	0	0	0.606664043363136	0.0685662302099885	Inf	1	M205.0970
M205.1263	205.126291138785	205.125579833984	205.126617431641	69	18	89	3	0	0	0	0.757482174315887	0.057279228741564	Inf	1	M205.1263
M206.1386	206.138588686755	206.138000488281	206.138931274414	70	18	89	3	0	0	0	0.796056174518409	0.0413036551968712	Inf	1	M206.1386
M206.8938	206.893815530313	206.89338684082	206.894119262695	56	18	76	3	0	0	0	0.889423892191348	0.0275064494901262	Inf	1	M206.8938
M207.0239	207.023904123614	207.023620605469	207.024200439453	57	18	77	3	0	0	0	0.548429717351735	0.148434522582117	Inf	1	M207.0239
M208.8909	208.89089457194	208.890625	208.891250610352	60	18	90	3	0	0	0	0.808557667737424	0.02944194810485	Inf	1	M208.8909
M211.0940	211.094031484186	211.093704223633	211.09440612793	61	18	80	3	12282.3374103754	0	0	0.938018269657857	0.0165737279944434	129.65234513023	1	M211.0940
M212.0974	212.097373818452	212.097076416016	212.097839355469	60	18	88	3	0	0	0	0.503634911377947	0.315631018174985	Inf	1	M212.0974
M214.0062	214.006180612664	214.005905151367	214.006561279297	57	18	75	3	0	0	0	0.603822113290235	0.0515825265641113	Inf	1	M214.0062
M214.9992	214.999152572043	214.998764038086	214.999801635742	101	20	214	3	0	1	0	NA	NA	Inf	1	M214.9992
M215.0105	215.010466257731	215.010162353516	215.010879516602	58	18	77	3	0	0	0	0.710505817402629	0.0666400373097647	Inf	1	M215.0105
M215.0282	215.028249383517	215.027526855469	215.028579711914	213	36	252	3	0	1	0	NA	NA	Inf	1	M215.0282
M215.0496	215.049569712057	215.049255371094	215.049987792969	66	18	84	2	0	0	0	0.261963992527274	0.10660696318049	Inf	0	M215.0496
M215.0535	215.053493041992	215.053237915039	215.053863525391	106	18	124	1	0	0	0	0	NA	Inf	0	M215.0535
M216.1018	216.10184173584	216.101318359375	216.102203369141	58	20	79	3	0	0	0	0.559034093925753	0.0946257352759497	Inf	1	M216.1018
M216.1206	216.120568980341	216.11979675293	216.121017456055	54	18	89	3	0	0	0	0.579027943724685	0.0185826098010066	Inf	1	M216.1206
M216.9226	216.922641261931	216.922286987305	216.923126220703	55	18	77	3	3863.24916294643	0	0	0.915593092956897	0.0123444965061319	Inf	1	M216.9226
M218.0188	218.018786690452	218.018371582031	218.019134521484	57	18	77	3	0	0	0	0.776684266160457	0.00540440557526151	Inf	1	M218.0188
M218.1386	218.138616021474	218.138244628906	218.139144897461	62	18	89	3	0	0	0	0.89529863669408	0.0170874456606561	Inf	1	M218.1386
M218.9197	218.91968863351	218.919250488281	218.920166015625	55	18	75	3	0	0	0	0.800409293310794	0.0113572333024038	Inf	1	M218.9197
M219.0265	219.026487236414	219.025848388672	219.026916503906	63	18	87	3	0	0	0	0.952935745863257	0.0121068314844725	Inf	1	M219.0265
M219.1128	219.11275050572	219.112411499023	219.113159179688	71	18	91	3	0	0	0	0.769950849587673	0.0732369781591104	Inf	1	M219.1128
M221.0621	221.062054656273	221.061630249023	221.062469482422	62	18	89	3	0	0	0	0.605045996922734	0.109183029763301	Inf	1	M221.0621
M222.8677	222.867747658177	222.867294311523	222.868179321289	58	18	78	3	0	0	0	0.767407957482375	0.079818584704591	Inf	1	M222.8677
M223.0636	223.063621252355	223.063186645508	223.064010620117	62	18	88	3	11919.2721215873	0	0	0.887546075489344	0.0299641419923695	81.2148819285306	1	M223.0636
M223.0753	223.075327825885	223.074966430664	223.075607299805	70	18	98	3	10257.9484084654	0	0	0.958707058214187	0.00642446902437427	1059.71275662997	1	M223.0753
M224.0335	224.033522722467	224.033142089844	224.033966064453	216	18	252	3	0	1	0	NA	NA	Inf	1	M224.0335
M224.0632	224.063166381982	224.062850952148	224.063598632812	59	18	78	2	0	0	0	0.542590607449586	0.0726249570979367	Inf	0	M224.0632
M224.0786	224.078640783257	224.078216552734	224.079055786133	70	18	88	3	1828.75838216146	0	0	0.923010602842713	0.0105310057686198	Inf	1	M224.0786
M224.8648	224.864822998047	224.864379882812	224.865234375	57	18	88	3	0	0	0	0.731595708083634	0.0855501852857934	Inf	1	M224.8648
M225.0345	225.034489246125	225.033798217773	225.034942626953	55	18	86	3	0	0	0	0.645015166171156	0.0345754251172273	Inf	1	M225.0345
M225.0429	225.04286731672	225.042449951172	225.04328918457	60.5	18	80	2	33891.0204264323	0	3.79037612407984e-09	0.692319788386783	0.0108420288862525	5.61410973692305	0	M225.0429
M225.0820	225.082030785353	225.08171081543	225.08251953125	64	20	89	2	0	0	0	0.475592868108778	0.0496078488000051	Inf	0	M225.0820
M226.1049	226.104926963604	226.104446411133	226.105255126953	54	18	72	2	0	0	0	0.211976612772608	0.142168571267995	Inf	0	M226.1049
M226.9514	226.95143281168	226.951080322266	226.951782226562	54	18	73	3	112911.991391782	0	0	0.874780814193066	0.0302213467281532	6.58493759702176	1	M226.9514
M227.0680	227.067966938019	227.067489624023	227.068313598633	59	18	78	3	0	0	0	0.541607716856875	0.0351774447507902	Inf	1	M227.0680
M228.1206	228.120551333216	228.120101928711	228.12092590332	67	18	88	3	0	0	0	0.965009773782036	0.0048425290564907	Inf	1	M228.1206
M229.1239	229.123866347016	229.123016357422	229.124282836914	59	18	89	3	4824.26817039207	0	0	0.833131598603941	0.018317457390913	Inf	1	M229.1239
M232.8966	232.896563586647	232.896224975586	232.897033691406	56	18	76	3	0	0	0	0.886067273930326	0.0133840908529256	Inf	1	M232.8966
M233.0388	233.038797053516	233.038314819336	233.039154052734	132	38	185	2	0	1	0	NA	NA	Inf	0	M233.0388
M233.0759	233.075946745325	233.075546264648	233.076278686523	56	18	75	3	0	0	0	0.837896860497316	0.0201497656328235	Inf	1	M233.0759
M233.1284	233.128387451172	233.127899169922	233.128753662109	70	18	94	3	0	0	0	0.932142593071614	0.0221794956747038	Inf	1	M233.1284
M234.1317	234.131736564636	234.131286621094	234.132186889648	59	18	79	3	0	0	0	0.583644187580374	0.0395182420091087	Inf	1	M234.1317
M234.8936	234.893608786843	234.893127441406	234.893997192383	56	18	77	3	0	0	0	0.635258381360064	0.0795883498102782	Inf	1	M234.8936
M235.0924	235.092394360041	235.092178344727	235.092758178711	216	36	252	3	0	1	0	NA	NA	Inf	1	M235.0924
M236.0958	236.095764006027	236.095275878906	236.096160888672	132	20	224	3	0	1	0	NA	NA	Inf	1	M236.0958
M241.0947	241.094685003999	241.094314575195	241.095108032227	58	18	77	3	48723.3506673177	0	0	0.961300257837907	0.00814657003732717	71.5168793042954	1	M241.0947
M242.0980	242.09803314209	242.097534179688	242.09846496582	60	18	88	3	0	0	0	0.844110268501319	0.0358677250604448	Inf	1	M242.0980
M242.9254	242.925358717354	242.924774169922	242.925811767578	58	18	88	3	12425.7499234069	0	0	0.793849752154258	0.0254621424048029	22.703255579078	1	M242.9254
M244.0945	244.094495160864	244.094009399414	244.094879150391	66	18	88	3	0	0	0	0.906766316121365	0.0286640373997178	Inf	1	M244.0945
M245.0572	245.057208082411	245.056838989258	245.0576171875	60	18	80	3	0	0	0	0.984151280301637	0.00231271007784422	Inf	1	M245.0572
M246.0606	246.060577593352	246.059997558594	246.061065673828	63	18	84	3	0	0	0	0.929286577248408	0.0152106487983192	Inf	1	M246.0606
M247.0924	247.092399044313	247.091888427734	247.092910766602	101	18	121	3	0	0	0	-0.609539874605863	0.0470410727461433	Inf	1	M247.0924
M249.0455	249.04546684852	249.044998168945	249.045928955078	56	18	104	3	0	0	0	-0.378797292842437	0.0773268539287043	Inf	1	M249.0455
M249.1572	249.157238515218	249.156814575195	249.157653808594	57	18	88	3	0	0	0	0.473360115549812	0.00977494144589141	Inf	1	M249.1572
M251.0702	251.070204514724	251.069854736328	251.070709228516	57	18	77	3	0	0	0	0.565875046275424	0.0682766796855124	Inf	1	M251.0702
M254.8237	254.823678236741	254.823272705078	254.824142456055	59	18	80	3	0	0	0	0.725587907815779	0.062726411747813	Inf	1	M254.8237
M255.0580	255.057967049735	255.0576171875	255.058441162109	56	18	75	3	0	0	0	0.636786523532536	0.0513359725990438	Inf	1	M255.0580
M255.0740	255.073953801935	255.073547363281	255.074325561523	60	20	80	1	0	0	0	0.444548007858048	NA	Inf	0	M255.0740
M255.1034	255.103368810705	255.102813720703	255.103912353516	69	54	123	1	0	0	0	-0.324854947410664	NA	Inf	0	M255.1034
M255.1103	255.110333485822	255.109832763672	255.110778808594	65	18	84	3	12976.4228515625	0	0	0.982350916453077	0.0028529713191403	Inf	1	M255.1103
M256.1137	256.113688441685	256.113159179688	256.114288330078	59	18	86	3	0	0	0	0.918353076892975	0.0193301756523363	Inf	1	M256.1137
M256.1695	256.169512115256	256.168853759766	256.169860839844	65	18	86	3	42171.4282850477	0	0	0.983116708580921	0.00688407067095412	577.368669199486	1	M256.1695
M256.8207	256.820715904236	256.820220947266	256.821075439453	58	18	77	3	0	0	0	0.83488085888568	0.0268449824866257	Inf	1	M256.8207
M257.0461	257.046070629953	257.045593261719	257.046508789062	159.5	36	212	2	0	1	0	NA	NA	Inf	0	M257.0461
M257.0686	257.068607449001	257.068176269531	257.069122314453	59	18	80	3	0	0	0	0.915872444440158	0.0123033325625464	Inf	1	M257.0686
M257.0743	257.074324640735	257.073883056641	257.074829101562	99	18	119	3	0	0	0	-0.677634657849851	0.0202212081522734	Inf	1	M257.0743
M257.1729	257.172869159329	257.171875	257.173370361328	69	18	89	3	0	0	0	0.970449106693719	0.0147183931265744	Inf	1	M257.1729
M258.0719	258.071938539163	258.071502685547	258.072387695312	54	18	76	3	0	0	0	0.495747946329128	0.189330128332133	Inf	1	M258.0719
M258.1763	258.176298092573	258.175903320312	258.1767578125	60	18	86	3	0	0	0	0.762955149830568	0.0391011798349227	Inf	1	M258.1763
M258.1851	258.185135837876	258.184844970703	258.185394287109	78	18	99	3	107642.66394973	0	0	0.979189964334593	0.00483570389348352	227.136895351435	1	M258.1851
M259.1885	259.188493030476	259.188110351562	259.188995361328	72	18	97	3	15306.9187011719	0	0	0.971431891416525	0.00467361360132732	Inf	1	M259.1885
M260.1644	260.164407248026	260.163696289062	260.164764404297	80	18	98	3	131651.206383825	0	0	0.973179517668581	0.00292224442953869	241.334448995798	1	M260.1644
M260.1855	260.185503230375	260.185211181641	260.186004638672	85	18	106	3	120737.522949219	0	0	0.953692203068252	0.00520529421431885	167.897011138865	1	M260.1855
M260.1917	260.191717465719	260.191253662109	260.192291259766	60	18	81	3	0	0	0	0.728288614205785	0.032931692654004	Inf	1	M260.1917
M261.0111	261.011081471163	261.010711669922	261.011566162109	61	18	86	3	0	0	0	0.63416640867328	0.0610431753030903	Inf	1	M261.0111
M261.0307	261.030669621059	261.030029296875	261.031341552734	58	18	88	3	9972.97796152152	0	0	0.837211260717628	0.0508633780740851	42.5701182624728	1	M261.0307
M261.1615	261.1614717756	261.161193847656	261.161865234375	49	26	75	1	0	0	0	0.514201254121704	NA	Inf	0	M261.1615
M261.1677	261.167745675614	261.167358398438	261.168121337891	71	18	93	3	30772.6374104818	0	0	0.963518684454607	0.00311292424136242	Inf	1	M261.1677
M261.1889	261.188866525326	261.188415527344	261.189392089844	70	18	93	3	0	0	0	0.91696489358819	0.006027606277746	Inf	1	M261.1889
M262.1698	262.169838049626	262.167877197266	262.171569824219	63	18	89	6	0	0	0	0.564839706094914	0.237137250416128	Inf	1	M262.1698
M262.1910	262.190960087375	262.189331054688	262.192626953125	60	18	80	6	0	0	0	0.554081963466739	0.0973965071748826	Inf	1	M262.1910
M263.0560	263.056048126285	263.055480957031	263.056732177734	68	18	88	3	9928.11405331864	0	0	0.961001375890874	0.0183282104621611	396.444006606624	1	M263.0560
M264.0304	264.030422112881	264.029571533203	264.030914306641	77	54	131	1	0	1	0	NA	NA	Inf	0	M264.0304
M264.0556	264.055600827879	264.055023193359	264.056060791016	56	18	86	3	0	0	0	0.800486385472207	0.0805841668592475	Inf	1	M264.0556
M264.0594	264.059358799096	264.058868408203	264.059783935547	58	18	77	2	0	0	0	0.669677420477548	0.00369204662661352	Inf	0	M264.0594
M264.8525	264.852476640181	264.851959228516	264.852905273438	57	18	77	2	0	0	0	0.58943838344449	0.0111881499310966	Inf	0	M264.8525
M265.0230	265.022975569722	265.022521972656	265.0234375	90	18	109	3	15600.1009260786	0	8.67137778914895e-07	-0.628675736411646	0.011694614163826	35.4236614886184	1	M265.0230
M265.0529	265.052898551844	265.05224609375	265.053436279297	58	18	86	3	0	0	0	0.752584440443732	0.130323707158315	Inf	1	M265.0529
M265.2525	265.252521920028	265.251861572266	265.253051757812	63	23	88	2	6558.70487060547	0	0	0.169367880454861	0.178291019723902	6.45877462502979	0	M265.2525
M267.2682	267.268156571822	267.267639160156	267.268676757812	66	18	88	3	3654.70815429687	0	0	0.320591197514126	0.131585315749652	Inf	1	M267.2682
M269.1244	269.124350289318	269.123870849609	269.124877929688	70	18	95	3	12424.3901367188	0	0	0.612665652021222	0.123725695820135	Inf	1	M269.1244
M270.1277	270.127682721173	270.126831054688	270.128204345703	64	18	85	3	0	0	0	0.128944666026449	0.0522402017040142	Inf	1	M270.1277
M270.9777	270.977668674513	270.977172851562	270.978118896484	54	18	74	2	2294.15014648438	0	0	0.588296638915319	0.0498723286047788	Inf	0	M270.9777
M271.0400	271.039990792314	271.039276123047	271.040405273438	58	18	81	3	0	0	0	0.501819166211634	0.0548043655443622	Inf	1	M271.0400
M271.0843	271.084252414933	271.083770751953	271.084991455078	58	18	78	3	2352.85815429688	0	0	0.945774690630124	0.0130318418586958	Inf	1	M271.0843
M272.0876	272.087589808873	272.087097167969	272.088348388672	55	18	76	3	0	0	0	0.722381452442202	0.0151402894454323	Inf	1	M272.0876
M272.2008	272.200789468813	272.200439453125	272.201263427734	71	18	90	3	58816.3428134817	0	0	0.988217474308384	0.00058235260058877	1186.74702896991	1	M272.2008
M272.7945	272.794501749674	272.794189453125	272.794860839844	60	18	80	2	0	0	0	0.724849710314141	0.0631067214852829	Inf	0	M272.7945
M273.0393	273.039307547616	273.038787841797	273.039764404297	88	37	135	2	0	1	0	NA	NA	Inf	0	M273.0393
M273.0824	273.082365143684	273.082092285156	273.082763671875	66.5	18	97	2	0	0	0	0.550821924488567	0.0122635277317417	Inf	0	M273.0824
M273.1979	273.197850114208	273.197204589844	273.198547363281	62	18	88	3	0	0	0	0.649450383091466	0.0843312233529672	Inf	1	M273.1979
M273.2041	273.204133426442	273.203765869141	273.204467773438	70	18	89	3	32651.9488661024	0	0	0.985570687398415	0.00208770615654327	429.067525082177	1	M273.2041
M274.2012	274.201150621686	274.200622558594	274.201690673828	60	18	86	3	0	0	0	0.659784759620681	0.0716406560635468	Inf	1	M274.2012
M274.2075	274.207461239247	274.204467773438	274.2080078125	59	18	86	5	0	0	0	0.718039310444383	0.249864560748413	Inf	1	M274.2075
M278.1514	278.15140575367	278.150756835938	278.152099609375	70	18	89	3	0	0	0	0.914980489527137	0.011849865156367	Inf	1	M278.1514
M279.0300	279.029954855783	279.029327392578	279.030578613281	56	18	75	3	0	0	0	0.746912227908333	0.0815077588843168	Inf	1	M279.0300
M279.0562	279.056217655305	279.055786132812	279.056671142578	76.5	21	121	2	0	1	0	NA	NA	Inf	0	M279.0562
M279.1547	279.154725916245	279.153991699219	279.1552734375	61	18	84	3	0	0	0	0.671151195893308	0.0257583965092967	Inf	1	M279.1547
M282.1463	282.14634503505	282.145812988281	282.146942138672	59	18	89	3	0	0	0	0.89732581805654	0.0269079973365723	Inf	1	M282.1463
M282.1674	282.167447310228	282.166870117188	282.168304443359	58	18	88	3	0	0	0	0.80856941936317	0.00788822267333417	Inf	1	M282.1674
M282.2790	282.27901474973	282.278472900391	282.279449462891	71	18	99	3	28092.7171204582	0	0	0.920690626578245	0.0156105441314907	225.517578198995	1	M282.2790
M283.2824	283.282374493216	283.281829833984	283.282928466797	72	18	93	3	4266.18212890625	0	0	0.812880282858817	0.0461445448557086	Inf	1	M283.2824
M284.2858	284.285754047262	284.285308837891	284.286224365234	58	18	79	2	0	0	0	0.299370822720376	0.330650081129559	Inf	0	M284.2858
M284.2947	284.294684332771	284.294097900391	284.295288085938	61	18	88	3	9383.82932128906	0	0	0.64132657409171	0.0516837677981334	24.5574865215155	1	M284.2947
M285.0756	285.075603214118	285.074920654297	285.076141357422	68	18	88	3	0	0	0	0.885867131355792	0.0499913027552435	Inf	1	M285.0756
M285.2787	285.27868991428	285.278137207031	285.279235839844	61	18	89	3	2318.34333147321	0	0	0.324859348908629	0.167591533072034	Inf	1	M285.2787
M286.0790	286.079012552897	286.078521728516	286.079681396484	60	18	81	3	0	0	0	0.670949714024832	0.119249140245262	Inf	1	M286.0790
M287.0550	287.054964773996	287.054016113281	287.055603027344	99	18	125	3	0	0	0	-0.518268860711455	0.209581872919516	Inf	1	M287.0550
M290.0910	290.091025108148	290.090393066406	290.091583251953	86	18	108	3	0	0	0	-0.567101321561927	0.109950753214448	Inf	1	M290.0910
M290.1750	290.174968362712	290.174499511719	290.175476074219	74	18	98	3	79029.9112139651	0	0	0.977943629418804	0.00175650496229757	361.001253050794	1	M290.1750
M291.1063	291.106261863962	291.105743408203	291.106811523438	68	18	86	3	0	0	0	0.609176920945575	0.0409139284947339	Inf	1	M291.1063
M291.1783	291.178341583064	291.177978515625	291.178955078125	69	18	89	3	42078.5901557075	0	0	0.973822738516183	0.00110369898231689	124.548472654019	1	M291.1783
M292.1805	292.180474308032	292.178680419922	292.182159423828	59	18	89	6	0	0	0	0.666949842920337	0.154052195946533	Inf	1	M292.1805
M293.0978	293.097803299952	293.097381591797	293.098022460938	99	19	133	3	0	0	0	-0.77533620789846	0.0167981033794242	Inf	1	M293.0978
M294.0949	294.094884530584	294.09375	294.095520019531	100	18	125	3	0	0	0	-0.65948036555588	0.0744581677351752	Inf	1	M294.0949
M294.1011	294.101138822494	294.100616455078	294.101501464844	103	20	124	3	0	0	0	-0.759072888953524	0.0174099734416501	Inf	1	M294.1011
M295.1032	295.103219506706	295.101165771484	295.105285644531	101	18	122	6	0	0	0	-0.658918781943519	0.0692807263288127	Inf	1	M295.1032
M296.0238	296.023769516199	296.023132324219	296.024444580078	70	18	89	3	0	0	0	0.798397845748449	0.0388270765567013	Inf	1	M296.0238
M296.1053	296.105331856864	296.104766845703	296.106048583984	107	18	186	3	0	1	0	NA	NA	Inf	1	M296.1053
M297.0271	297.027119524726	297.026489257812	297.027679443359	58.5	18	79	2	0	0	0	0.317646408127947	0.0546001213907387	Inf	0	M297.0271
M298.0208	298.020847440516	298.020172119141	298.021545410156	60	18	84	3	0	0	0	0.735060344197707	0.064756142123763	Inf	1	M298.0208
M300.2896	300.289557762969	300.289001464844	300.290222167969	70	18	89	3	33603.8711066675	0	0	0.88662532357832	0.0302962881929054	123.714518118438	1	M300.2896
M301.1409	301.140912222438	301.140167236328	301.141632080078	64.5	18	86	2	17705.1561550564	0	0.00234111973882412	0.447013765289295	0.0814584931272674	5.404218584928	0	M301.1409
M301.2929	301.292914130471	301.292297363281	301.293609619141	70	18	92	3	9031.70613606771	0	0	0.784667192022304	0.0287785005980248	Inf	1	M301.2929
M302.2324	302.232421488702	302.231536865234	302.233001708984	64	18	87	3	0	0	0	0.842658955348086	0.0325266255988136	Inf	1	M302.2324
M302.2963	302.296271690956	302.296051025391	302.296600341797	55	18	73	1	0	0	0	0.294033201199406	NA	Inf	0	M302.2963
M302.3052	302.305191321567	302.304595947266	302.305847167969	74	18	99	3	178203.581217448	0	0	0.893292945324752	0.0207993474425266	29.3032137627289	1	M302.3052
M303.3085	303.308543604073	303.307830810547	303.309234619141	70	18	91	3	0	0	0	0.763984549588241	0.0140538970565003	Inf	1	M303.3085
M304.2609	304.260930287032	304.260192871094	304.261596679688	62	18	91	3	14606.9547729492	0	0	0.981894999998452	0.00306481764089461	356.618482455933	1	M304.2609
M304.3119	304.311933898926	304.311462402344	304.312561035156	55.5	18	78	2	0	0	0	0.314929687435445	0.134386570914646	Inf	0	M304.3119
M305.1029	305.102938175201	305.102142333984	305.103576660156	59	18	88	3	0	0	0	0.819280992263853	0.112183998270358	Inf	1	M305.1029
M305.2643	305.264281065568	305.263702392578	305.264923095703	70	18	88	3	0	0	0	0.876779519036492	0.0239813574753022	Inf	1	M305.2643
M307.0575	307.057541463385	307.056976318359	307.058166503906	60	18	89	3	10747.2667643229	0	0	0.955595306342692	0.0128194037043975	Inf	1	M307.0575
M308.0609	308.060885985032	308.060302734375	308.0615234375	58	18	80	3	0	0	0	0.785022521310993	0.0301458560628389	Inf	1	M308.0609
M309.1120	309.111985817934	309.111419677734	309.112701416016	75	18	93	3	0	0	0	0.957535835509633	0.00385276859545328	Inf	1	M309.1120
M310.1153	310.115343134454	310.11474609375	310.115936279297	66	18	88	3	0	0	0	0.859997953684797	0.0191860332615529	Inf	1	M310.1153
M312.1569	312.156864149306	312.156005859375	312.157501220703	62	18	86	3	0	0	0	0.880802107443958	0.0158887984073676	Inf	1	M312.1569
M313.0882	313.088225046794	313.087615966797	313.088714599609	57	18	76	3	0	0	0	0.378550388973032	0.124230888293443	Inf	1	M313.0882
M313.2736	313.273577284112	313.273040771484	313.273986816406	61	18	80	4	36186.4700520833	0	0	0.753191656322666	0.123814657517948	20.6817266985135	1	M313.2736
M314.2769	314.276949081186	314.276336669922	314.277587890625	66	18	86	3	8006.73060062767	0	5.31476960219379e-08	0.459632596652839	0.0803067892521975	18.3713031174221	1	M314.2769
M315.0673	315.067252431017	315.066131591797	315.067779541016	216	18	252	3	0	1	0	NA	NA	Inf	1	M315.0673
M315.0797	315.079722243089	315.079376220703	315.080078125	99	20	126	3	0	0	0	-0.68906946665802	0.0139322530260814	Inf	1	M315.0797
M316.0692	316.069240231348	316.067169189453	316.071166992188	195	36	252	6	0	1	0	NA	NA	Inf	1	M316.0692
M316.0767	316.076728489088	316.076141357422	316.077362060547	94	19	115	3	0	0	0	-0.550093396463524	0.111987707296802	Inf	1	M316.0767
M316.0831	316.083050287986	316.082489013672	316.083770751953	102	18	123	3	0	0	0	-0.723804370458156	0.0156123897653625	Inf	1	M316.0831
M317.0558	317.055839130986	317.05517578125	317.056457519531	152.5	18	216	2	0	1	0	NA	NA	Inf	0	M317.0558
M317.0647	317.064702914908	317.064025878906	317.0654296875	173.5	36	240	2	0	1	0	NA	NA	Inf	0	M317.0647
M317.0851	317.085144083114	317.083312988281	317.086944580078	98.5	19	122	6	0	0	0	-0.569809132061063	0.0723114240329533	Inf	1	M317.0851
M318.0057	318.005737848374	318.005126953125	318.00634765625	59	18	79	3	0	0	0	0.945473262385469	0.0192947025906922	Inf	1	M318.0057
M318.3001	318.300079321521	318.299530029297	318.300720214844	78	18	102	3	184629.819715712	0	0	0.851365999739461	0.0280642386186314	32.194741974727	1	M318.3001
M319.0091	319.009081522624	319.008087158203	319.009948730469	64	18	89	3	0	0	0	0.722158095255198	0.079385879934494	Inf	1	M319.0091
M319.3035	319.303450091158	319.302673339844	319.304351806641	76	18	98	3	31127.1917317708	0	0	0.740100174296327	0.00915916691375925	28.9298289471546	1	M319.3035
M320.0027	320.002745439662	320.002014160156	320.003631591797	60	18	83	3	0	0	0	0.90435857517966	0.0166084274431774	Inf	1	M320.0027
M320.2348	320.234845977469	320.233947753906	320.235595703125	62	18	82	3	0	0	0	0.875091955461003	0.00872754256338139	Inf	1	M320.2348
M320.3068	320.306771172418	320.306182861328	320.307525634766	62	18	82	3	0	0	0	0.183716004517856	0.126724548932892	Inf	1	M320.3068
M321.0061	321.006094932556	321.005340576172	321.006652832031	58	18	79	3	0	0	0	0.575821570376504	0.0421708026023915	Inf	1	M321.0061
M321.9998	321.999801347841	321.998809814453	322.000335693359	55	18	76	3	0	0	0	0.597132286148355	0.130386048356497	Inf	1	M321.9998
M322.2715	322.271484129071	322.270751953125	322.272277832031	62	18	83	3	10127.3444771374	0	0	0.88478889973192	0.0170865972778503	114.995818442388	1	M322.2715
M323.0314	323.0314453125	323.030792236328	323.032135009766	60	18	85	3	0	0	0	0.913241602697306	0.00761865967385385	Inf	1	M323.0314
M323.0559	323.055882284086	323.055145263672	323.059509277344	148	18	184	3	0	1	0	NA	NA	Inf	0	M323.0559
M323.2748	323.274803357247	323.273986816406	323.275390625	53	18	75	3	0	0	0	0.648589829457644	0.0440965043369863	Inf	1	M323.2748
M324.0347	324.034748650476	324.0341796875	324.035308837891	58	18	77	2	0	0	0	0.434144565668633	0.0281419400944517	Inf	0	M324.0347
M324.2871	324.287128337799	324.286285400391	324.287811279297	59	18	77	3	5395.486328125	0	0	0.884406799353411	0.00372230243813785	Inf	1	M324.2871
M325.2347	325.23473142228	325.234008789062	325.235443115234	70	18	89	3	1481.51774088542	0	0	0.557792453956643	0.153849364524967	Inf	1	M325.2347
M325.2905	325.290455693784	325.289459228516	325.291351318359	54	18	75	3	0	0	0	0.550894470796795	0.0979241143700565	Inf	1	M325.2905
M329.2586	329.258562554253	329.258178710938	329.259124755859	70	18	89	3	363118.17183431	0	0	0.962774714879583	0.00211717667265043	72.4406523752721	1	M329.2586
M330.2556	330.255602323092	330.254913330078	330.256256103516	57	18	84	3	0	0	0	0.471191919280474	0.104670298541171	Inf	1	M330.2556
M330.2619	330.261929867872	330.261138916016	330.262481689453	68	18	91	3	52080.4152832031	0	0	0.944038860189735	0.00491999552217764	Inf	1	M330.2619
M331.0447	331.0447165856	331.044311523438	331.045349121094	103	19	126	3	0	0	0	-0.749035959539522	0.025065288965694	Inf	1	M331.0447
M331.0535	331.053544622827	331.052795410156	331.054351806641	97	18	116	3	0	0	0	-0.692132065209463	0.0162456999052975	Inf	1	M331.0535
M331.0939	331.093872070313	331.093200683594	331.094604492188	62	18	87	3	40672.973063151	0	0	0.979020953442758	0.000477721013740312	199.500247268332	1	M331.0939
M331.2652	331.265222059942	331.264343261719	331.266021728516	61	18	79	3	0	0	0	0.810167166782745	0.0681935359774185	Inf	1	M331.2652
M331.2841	331.284076183826	331.283355712891	331.284606933594	69	18	88	5	32631.2992838542	0	0	0.852689937441841	0.0404783224676872	26.2597039937511	1	M331.2841
M331.5463	331.546342116136	331.545288085938	331.547027587891	208	36	252	3	0	1	0	NA	NA	Inf	1	M331.5463
M332.0418	332.041776103358	332.041046142578	332.042419433594	103	18	182	3	0	1	0	NA	NA	Inf	1	M332.0418
M332.0481	332.048054194105	332.047485351562	332.048645019531	104	18	126	2	0	0	0	-0.710780057348728	0.0133573971287862	Inf	0	M332.0481
M332.0569	332.056944504624	332.056060791016	332.057708740234	92	18	114	3	0	0	0	-0.65542619053973	0.034685159488742	Inf	1	M332.0569
M332.0972	332.097214825385	332.096405029297	332.097839355469	61	18	84	3	0	0	0	0.928154485454268	0.019839845595818	Inf	1	M332.0972
M332.2875	332.287466822013	332.286468505859	332.288299560547	63	18	88	3	8737.54806718527	0	0	0.343808481852648	0.286598333678673	18.5259272552069	1	M332.2875
M333.0408	333.040790153952	333.039672851562	333.041564941406	175	20	252	3	0	1	0	NA	NA	Inf	1	M333.0408
M333.0503	333.050264259411	333.048095703125	333.052368164062	97	19	123	6	0	0	0	-0.537283774597247	0.105469337155132	Inf	1	M333.0503
M333.1005	333.100543848674	333.099884033203	333.101165771484	57	18	76	2	0	0	0	0.44954158258525	0.147681511094175	Inf	0	M333.1005
M333.9797	333.979663555439	333.979034423828	333.980194091797	58	18	82	3	0	0	0	0.816737269331294	0.0672331417770898	Inf	1	M333.9797
M335.0376	335.03756484165	335.036590576172	335.038299560547	104	18	125	3	0	0	0	-0.608184483738589	0.0157074843386267	Inf	1	M335.0376
M335.9767	335.976701689929	335.976043701172	335.977325439453	54	20	80	3	0	0	0	0.537966546311085	0.183662406406442	Inf	1	M335.9767
M337.0491	337.04912382453	337.048370361328	337.050018310547	95	19	124	3	0	0	0	-0.657791840794998	0.041223573460223	Inf	1	M337.0491
M337.0616	337.061635180571	337.060821533203	337.062255859375	82	18	116	3	0	0	0	-0.35769533131938	0.0161801527363427	Inf	1	M337.0616
M337.0748	337.074819664798	337.074005126953	337.075561523438	57	18	88	3	6345.61988661024	0	0	0.514811948201886	0.303301780660156	32.8526370324774	1	M337.0748
M338.0650	338.06500050127	338.064208984375	338.065734863281	78	19	105	3	0	0	0	-0.285103764976044	0.195997986469645	Inf	1	M338.0650
M338.2454	338.245404557536	338.244842529297	338.246154785156	55	18	74	2	0	0	0	0.516960197378256	0.131000503914557	Inf	0	M338.2454
M338.3415	338.341543276324	338.340850830078	338.342376708984	72.5	18	92	4	11903.6468769447	0	0	0.801359353331143	0.0372478638282353	107.157300942444	1	M338.3415
M339.0378	339.037791965693	339.036987304688	339.038726806641	232	18	252	3	0	1	0	NA	NA	Inf	1	M339.0378
M339.3449	339.344909090956	339.344024658203	339.345611572266	64	18	89	3	8636.80013020833	0	0	0.657287566991912	0.0344268352016043	35.7260192380001	1	M339.3449
M339.9876	339.987637081662	339.986846923828	339.988311767578	54	18	77	3	0	0	0	0.708933135403436	0.160385890790049	Inf	1	M339.9876
M340.2820	340.28199697816	340.281036376953	340.28271484375	55	18	74	3	0	0	0	0.851357757154656	0.0152977752941278	Inf	1	M340.2820
M341.2853	341.285330810547	341.284729003906	341.285980224609	55	18	74	3	0	0	0	0.574592606193467	0.0378731236871642	Inf	1	M341.2853
M341.3048	341.30479391138	341.304290771484	341.305419921875	62	18	86	3	49534.4874344703	0	0	0.809066090978682	0.0307970362510249	23.5934080461513	1	M341.3048
M342.3082	342.308193343725	342.307250976562	342.308959960938	61	18	88	3	10451.6830454252	0	0	0.657367402567082	0.0636873342837632	25.3362054985168	1	M342.3082
M345.1800	345.180027627537	345.179107666016	345.180694580078	95	18	122	3	0	0	0	-0.624549938742275	0.051403289397724	Inf	1	M345.1800
M345.2422	345.242222090418	345.241485595703	345.243011474609	68	18	89	3	6411.96075032552	0	0	0.895417256719808	0.00481296200139356	Inf	1	M345.2422
M346.2456	346.245593108396	346.244781494141	346.246520996094	58	18	80	3	0	0	0	0.781892319599464	0.0426758004937943	Inf	1	M346.2456
M347.0678	347.067819139911	347.067047119141	347.068634033203	61	18	86	3	0	0	0	0.963619687118716	0.00218577257104819	Inf	1	M347.0678
M348.0711	348.071128280075	348.070007324219	348.071990966797	58	18	88	3	6527.94189083215	0	0	0.892255678186263	0.0115624659599922	76.7118847983129	1	M348.0711
M348.3106	348.310605598219	348.309906005859	348.311248779297	61	18	89	3	0	0	0	0.81051103295601	0.0293001181398081	Inf	1	M348.3106
M349.0552	349.055233977562	349.054443359375	349.056060791016	97	18	118	3	0	1	0	NA	NA	Inf	1	M349.0552
M349.0659	349.065936149435	349.065216064453	349.066558837891	58	18	81	3	0	0	0	0.58407592939781	0.030836600696962	Inf	1	M349.0659
M350.0181	350.018118252139	350.017120361328	350.019134521484	211	36	252	2	0	1	0	NA	NA	Inf	0	M350.0181
M353.0266	353.026617285857	353.02587890625	353.027526855469	98	20	123	3	0	0	0	-0.666188036244468	0.00997519045420005	Inf	1	M353.0266
M353.0355	353.035528261389	353.03466796875	353.036437988281	79	19	101	3	0	0	0	-0.216684500276021	0.119162453129801	Inf	1	M353.0355
M353.0758	353.075828552246	353.075134277344	353.076385498047	56	18	74	3	0	0	0	0.573394438935561	0.0886590867573399	Inf	1	M353.0758
M353.2660	353.266024076022	353.265716552734	353.266479492188	76	18	96	3	101117.180013021	0	0	0.973914111148808	0.00211998752320823	212.467726149824	1	M353.2660
M354.0300	354.029998614337	354.028900146484	354.030853271484	98	18	119	3	0	1	0	NA	NA	Inf	1	M354.0300
M354.0389	354.038914518536	354.038177490234	354.039855957031	81	18	101	3	0	0	0	-0.313152430438497	0.345814923787531	Inf	1	M354.0389
M354.2694	354.269373844379	354.268707275391	354.270080566406	68	18	93	3	17781.068439359	0	0	0.95211091108674	0.00298611608459795	231.419310195002	1	M354.2694
M355.0112	355.011249735134	355.010223388672	355.012023925781	164	42	206	1	6625.73197428385	1	0.00549094935724148	NA	NA	11.1275011786484	0	M355.0112
M355.0336	355.033565561584	355.032867431641	355.034210205078	70	21	107	2	0	0	0	-0.405672315398789	0.0108397116904648	Inf	0	M355.0336
M355.2715	355.271483666341	355.269317626953	355.273406982422	58	18	89	6	0	0	0	0.622783629489419	0.160540512748458	Inf	1	M355.2715
M356.2558	356.255824497768	356.254974365234	356.256561279297	58	18	78	3	0	0	0	0.480536671595142	0.100929971181428	Inf	1	M356.2558
M359.0070	359.006959402902	359.006164550781	359.007904052734	88	43	131	1	0	1	0	NA	NA	Inf	0	M359.0070
M359.0310	359.03100308505	359.030303955078	359.031707763672	104	18	130	3	0	0	0	-0.246106348871055	0.422016843403736	Inf	1	M359.0310
M359.0436	359.043564429855	359.042846679688	359.044403076172	74	18	94	3	0	0	0	0.0104302812533813	0.0394169112233023	Inf	1	M359.0436
M359.1851	359.185088082646	359.184387207031	359.185760498047	68	18	88	3	0	0	0	0.85858898840791	0.00350212517294917	Inf	1	M359.1851
M359.3154	359.315360969597	359.314971923828	359.315795898438	69	18	88	3	74884.5067997685	0	0	0.887491749752994	0.0107430789042768	32.0989618427397	1	M359.3154
M360.0470	360.046971684009	360.046142578125	360.047882080078	73	19	94	3	0	0	0	-0.184613772277762	0.174533143794047	Inf	1	M360.0470
M360.1884	360.188445575421	360.187744140625	360.189117431641	70	18	89	3	0	0	0	0.566034188683221	0.136214247289165	Inf	1	M360.1884
M360.3188	360.318765222491	360.317810058594	360.319549560547	61.5	18	80	4	13760.1431078942	0	0	0.808580086260306	0.0464731458715699	34.8814886680347	1	M360.3188
M360.3235	360.323476776912	360.322570800781	360.324279785156	65	18	88	3	15831.1493171813	0	0	0.972567939930051	0.00758316581354671	251.688535134582	1	M360.3235
M361.3268	361.326848830532	361.326080322266	361.327697753906	67	18	88	3	0	0	0	0.876631104828427	0.0273292585552364	Inf	1	M361.3268
M362.1508	362.150843227611	362.150177001953	362.151519775391	70	18	97	3	212270.260742188	0	0	0.97582540260119	0.00400275412859612	41.8035022344611	1	M362.1508
M362.9262	362.926198190812	362.925231933594	362.926910400391	67.5	18	87	2	10166.3879220145	0	0.00236324195672488	0.349933211676286	0.0833818333403346	9.32521639796976	0	M362.9262
M363.1542	363.154240396724	363.153350830078	363.154968261719	70	18	88	3	15458.3132324219	0	0	0.916885705650731	0.0286966816149146	Inf	1	M363.1542
M364.1575	364.157522201538	364.156677246094	364.158233642578	70	18	88	3	0	0	0	0.142296149146464	0.0436374058876441	Inf	1	M364.1575
M366.2314	366.231351758857	366.230529785156	366.232330322266	79.5	23	106	2	0	0	0	-0.405501621590054	0.124234688897691	Inf	0	M366.2314
M367.2241	367.224138305664	367.223236083984	367.224945068359	70	18	89	3	0	0	0	0.973400479051233	0.00434819975224372	Inf	1	M367.2241
M368.2275	368.227501785995	368.226715087891	368.228302001953	59	18	80	3	0	0	0	0.909803675293269	0.0126188681472557	Inf	1	M368.2275
M368.9945	368.994531204452	368.993865966797	368.995208740234	192	18	210	1	0	1	0	NA	NA	Inf	0	M368.9945
M369.0006	369.000565199419	368.999572753906	369.001739501953	88	18	114	3	0	0	0	-0.654145087471826	0.0448084547448312	Inf	1	M369.0006
M369.2309	369.23093821633	369.22998046875	369.231719970703	57	18	78	2	2619.65395507812	0	0	0.421891825219025	0.041301047956437	Inf	0	M369.2309
M369.2400	369.239954148677	369.239074707031	369.2412109375	63	18	83	3	11272.796070886	0	0	0.973276109949078	0.00499418179999374	351.938542871162	1	M369.2400
M369.3514	369.351375382831	369.350433349609	369.352294921875	65	18	86	3	7054.73975642774	0	1.92888327532614e-08	0.309239611259633	0.129624347807374	17.7434488012771	1	M369.3514
M370.2433	370.243298124931	370.242340087891	370.244384765625	65	18	86	3	0	0	0	0.892833979125951	0.0249174597567885	Inf	1	M370.2433
M371.2381	371.238074860749	371.237152099609	371.23876953125	62	18	86	3	0	0	0	0.70781986628087	0.0836370208549056	Inf	1	M371.2381
M375.0086	375.008551890676	375.007781982422	375.009368896484	92	18	113	3	0	0	0	-0.474383073625477	0.109982135862803	Inf	1	M375.0086
M375.0175	375.017495110848	375.0166015625	375.018463134766	71	18	96	3	0	0	0	0.0491991857356605	0.071194970317982	Inf	1	M375.0175
M376.2974	376.297402028098	376.296478271484	376.298217773438	58	18	78	3	0	0	0	0.880040431368764	0.00802736596447097	Inf	1	M376.2974
M376.3419	376.341909235174	376.341339111328	376.342834472656	62	18	90	3	0	0	0	0.922006421548434	0.0108881195769255	Inf	1	M376.3419
M377.0502	377.050173329699	377.049285888672	377.050964355469	103	18	124	2	0	1	0	NA	NA	Inf	0	M377.0502
M377.3008	377.30082248997	377.300170898438	377.301452636719	49	18	79	3	0	0	0	0.568546522765789	0.0601153315734659	Inf	1	M377.3008
M377.3453	377.345314837517	377.344512939453	377.345977783203	56	18	83	3	0	0	0	0.671935579677896	0.107907157772736	Inf	1	M377.3453
M381.0256	381.025553546885	381.024627685547	381.026550292969	69	19	89	3	0	0	0	0.263800998301513	0.181729068321949	Inf	1	M381.0256
M381.1671	381.167054502511	381.165954589844	381.167938232422	62	18	83	3	13227.3697916667	0	0	0.961508353494126	0.00584640827698715	Inf	1	M381.1671
M381.2973	381.297335431292	381.296997070312	381.297546386719	74	18	94	3	276619.914496528	0	0	0.97181178533641	0.00390336219056086	147.853831021736	1	M381.2973
M382.1704	382.170396652897	382.169464111328	382.171112060547	65	18	86	3	0	0	0	0.900196272876532	0.0134373518431807	Inf	1	M382.1704
M382.3007	382.300654911495	382.299865722656	382.301483154297	71	18	89	3	46145.1041033709	0	0	0.96363213175001	0.000844234325686776	203.290613516191	1	M382.3007
M383.1157	383.115690148395	383.115051269531	383.116302490234	55	18	75	3	0	0	0	0.645707430361903	0.0534046611713253	Inf	1	M383.1157
M383.1980	383.198044797207	383.197326660156	383.198974609375	63	18	88	3	0	0	0	0.909742156597544	0.0137530911226766	Inf	1	M383.1980
M383.3028	383.302774075194	383.300476074219	383.304992675781	58	18	82	6	3345.04524933346	0	0	0.756374546069948	0.141914713922773	Inf	1	M383.3028
M384.1328	384.132757302989	384.131896972656	384.133544921875	70	18	89	3	0	0	0	0.719038172541432	0.0563174436623715	Inf	1	M384.1328
M384.2014	384.20138658796	384.200775146484	384.202209472656	58	18	79	3	0	0	0	0.601869965593726	0.0556946873275375	Inf	1	M384.2014
M385.1361	385.136108989716	385.135467529297	385.136810302734	53	18	73	2	0	0	0	0.0717064230768177	0.0889940891620326	Inf	0	M385.1361
M388.7117	388.711723115709	388.711120605469	388.712371826172	58.5	18	81	2	0	0	0	0.434068589315702	0.245713724458675	Inf	0	M388.7117
M390.9764	390.976445764549	390.975646972656	390.977203369141	122	18	170	2	0	1	0	NA	NA	Inf	0	M390.9764
M390.9825	390.982525956003	390.981567382812	390.983337402344	89	18	115	3	0	0	0	-0.446707955404017	0.163816501778633	Inf	1	M390.9825
M393.0643	393.064311895413	393.063507080078	393.065246582031	75.5	24	102	2	0	0	0	-0.359810027372507	0.156053968867937	Inf	0	M393.0643
M393.0830	393.082997189652	393.082122802734	393.083923339844	53.5	21	79	2	0	0	0	0.800154404116168	0.0731844980300221	Inf	0	M393.0830
M393.2051	393.205148824056	393.204223632812	393.206237792969	67	18	86	3	0	0	0	0.394304283616841	0.0611780520112512	Inf	1	M393.2051
M394.2236	394.22358452292	394.222778320312	394.224365234375	56	18	77	3	0	0	0	0.67919296478776	0.04539584158595	Inf	1	M394.2236
M396.9905	396.990521786818	396.989593505859	396.991638183594	71	20	116	3	0	0	0	-0.226862442982943	0.442975999880152	Inf	1	M396.9905
M396.9995	396.999478488498	396.998565673828	397.000274658203	69	19	92	3	0	0	0	0.261847625613334	0.200698992932874	Inf	1	M396.9995
M397.1409	397.140929278205	397.140014648438	397.141693115234	60	18	88	3	0	0	0	0.870138757522777	0.00663804046059954	Inf	1	M397.1409
M397.2712	397.271231911399	397.270538330078	397.272033691406	70	18	92	5	21187.3160343744	0	0	0.982611377667585	0.00131866807346978	452.749507594297	1	M397.2712
M398.1443	398.144310551396	398.143646240234	398.145141601562	53	20	78	2	0	0	0	0.569740653700657	0.123945472698482	Inf	0	M398.1443
M398.2746	398.274636015339	398.273559570312	398.27587890625	65	18	85	3	10343.623109654	0	0	0.937765385645714	0.0188166319368441	146.491669546647	1	M398.2746
M399.2589	399.258946044922	399.257781982422	399.260009765625	83	18	104	3	5165.68876139323	0	0	-0.378034888338049	0.1024878898359	Inf	1	M399.2589
M399.2694	399.269363135622	399.2685546875	399.270141601562	60	18	86	3	0	0	0	0.850356127319491	0.0206736857411775	Inf	1	M399.2694
M399.2779	399.277884589301	399.276336669922	399.278930664062	57	18	88	3	0	0	0	0.628938558385026	0.070434025859261	Inf	1	M399.2779
M400.1067	400.106708061404	400.105895996094	400.107482910156	64	18	88	3	0	0	0	0.352027083863277	0.169983002932665	Inf	1	M400.1067
M402.8242	402.824210484823	402.823547363281	402.825042724609	61.5	18	87	2	0	0	0	0.564052323299046	0.0497807999112244	Inf	0	M402.8242
M407.2208	407.220834622384	407.219940185547	407.221893310547	75	18	103	3	208033.053385417	0	0	0.87601894074749	0.0125871511995425	28.3507317891963	1	M407.2208
M408.2242	408.224153998178	408.223114013672	408.225067138672	70	18	93	3	5927.7490234375	0	0	0.778960870507137	0.028112948956169	Inf	1	M408.2242
M408.2391	408.239146260926	408.238189697266	408.239929199219	70	18	88	3	0	0	0	0.891402580708767	0.0219781774908449	Inf	1	M408.2391
M409.2166	409.216576071346	409.215515136719	409.217559814453	68	18	88	3	0	0	0	0.510404037013079	0.192708707736403	Inf	1	M409.2166
M409.2275	409.227548871722	409.226837158203	409.228454589844	64	18	92	3	0	0	0	0.0875111299980829	0.259884019310079	Inf	1	M409.2275
M409.2425	409.24248010972	409.241668701172	409.243225097656	57	18	76	3	0	0	0	0.54054912532881	0.0683521145175911	Inf	1	M409.2425
M409.3286	409.328623246173	409.327575683594	409.329681396484	59	18	78	3	8389.97009055398	0	0	0.745814529347148	0.0254388562047042	30.2787371925813	1	M409.3286
M410.8559	410.85589384934	410.855133056641	410.856628417969	55	18	75	2	0	0	0	0.655938147534934	0.0810206398122793	Inf	0	M410.8559
M410.9852	410.985202937931	410.983947753906	410.985961914062	90	18	115	3	0	0	0	-0.503396812156985	0.0822720155924395	Inf	1	M410.9852
M411.2247	411.224657025254	411.223815917969	411.225433349609	60	18	89	3	0	0	0	0.867218148582082	0.0519601261628437	Inf	1	M411.2247
M414.9971	414.997084014816	414.995788574219	414.997894287109	214.5	36	252	2	0	1	0	NA	NA	Inf	0	M414.9971
M415.2114	415.211355153225	415.21044921875	415.212493896484	69	18	89	3	10266.9535039993	0	0	0.865964597278162	0.0246775136669939	113.611638510799	1	M415.2114
M415.2365	415.236474117517	415.235595703125	415.237701416016	90	18	109	3	17924.0768454843	0	1.55431223447522e-15	-0.597061058404085	0.0783990254437828	29.5702020840481	1	M415.2365
M416.2147	416.214674049449	416.213684082031	416.215576171875	65	18	91	3	0	0	0	0.75066678683018	0.143760886913443	Inf	1	M416.2147
M416.2399	416.239894840962	416.238952636719	416.240997314453	84	18	108	2	3708.43896484375	0	0.000132672916000831	-0.580364239997042	0.059907835267169	Inf	0	M416.2399
M417.0021	417.002123564677	417.001068115234	417.002960205078	70	18	94	3	0	0	0	0.255354187797131	0.0213552418363686	Inf	1	M417.0021
M417.0302	417.030242919922	417.029388427734	417.031097412109	117	38	155	1	0	1	0	NA	NA	Inf	0	M417.0302
M418.9993	418.999282132662	418.998352050781	419.000274658203	71	18	91	3	0	0	0	0.0494637117593832	0.153473293881657	Inf	1	M418.9993
M421.2535	421.253461767126	421.252288818359	421.254364013672	62	18	88	3	0	0	0	0.806372839588106	0.0320789926754558	Inf	1	M421.2535
M427.2903	427.290252086618	427.289367675781	427.291076660156	58	18	78	2	12315.2435492622	0	0.00151828375191942	-0.310957971859633	0.0814699794032974	19.6091470325956	0	M427.2903
M429.0216	429.021555474464	429.020721435547	429.022552490234	101	19	121	3	0	0	0	-0.601328697455925	0.0566373801764399	Inf	1	M429.0216
M429.2027	429.202731892214	429.201721191406	429.203857421875	59	18	88	3	0	0	0	0.85425254420661	0.0126329682047903	Inf	1	M429.2027
M430.2061	430.20613945855	430.204833984375	430.207000732422	55	18	78	3	0	0	0	0.528782558718492	0.108466252314047	Inf	1	M430.2061
M430.9136	430.913607377272	430.912170410156	430.914733886719	57	18	79	3	11353.0951930455	0	0.000104498070590653	0.2121107733753	0.0988316723592769	7.17762583419622	1	M430.9136
M432.2378	432.237833513532	432.236755371094	432.238800048828	61	18	87	3	0	0	0	0.915789632091554	0.0181668868762316	Inf	1	M432.2378
M432.9672	432.967202108457	432.965911865234	432.968078613281	71.5	19	109	2	0	0	0	-0.226800147328167	0.374177273074199	Inf	0	M432.9672
M432.9761	432.97612508138	432.975219726562	432.976989746094	68	18	91	3	0	0	0	0.204421438437946	0.175365733336679	Inf	1	M432.9761
M433.0077	433.007674913966	433.006622314453	433.008880615234	79	36	252	3	0	1	0	NA	NA	Inf	1	M433.0077
M433.2412	433.241183397247	433.239868164062	433.242004394531	61	18	89	3	0	0	0	0.748777071639566	0.0231649049369026	Inf	1	M433.2412
M435.2116	435.211616383593	435.21044921875	435.212615966797	55.5	18	74	2	0	0	0	0.572691611394055	0.0330708994514692	Inf	0	M435.2116
M436.9790	436.979042211072	436.976806640625	436.980072021484	99	18	197	3	0	1	0	NA	NA	Inf	1	M436.9790
M437.1932	437.193246592646	437.192474365234	437.194580078125	67	18	89	5	44777.8549804688	0	0	0.928494096351413	0.00952880576721265	142.85350875952	1	M437.1932
M438.1966	438.196598157712	438.195556640625	438.197540283203	68	18	89	3	13371.9890971659	0	0	0.898168349493865	0.0159530762072289	100.432487837559	1	M438.1966
M438.9842	438.984162454044	438.983093261719	438.985076904297	68	18	89	3	0	0	0	0.345531156889784	0.135162144636795	Inf	1	M438.9842
M439.2000	439.200005073052	439.199005126953	439.200897216797	59	18	78	3	0	0	0	0.418203242616303	0.121626182841831	Inf	1	M439.2000
M439.2559	439.255941873068	439.254913330078	439.2568359375	64	18	88	3	0	0	0	0.887067613623036	0.028968103324709	Inf	1	M439.2559
M440.2594	440.259398566352	440.258148193359	440.260101318359	60	18	80	3	0	0	0	0.632261556523138	0.0292380953171882	Inf	1	M440.2594
M441.2530	441.252962153009	441.251800537109	441.253723144531	59	18	82	3	0	0	0	0.585250505403101	0.0380231846799636	Inf	1	M441.2530
M441.2974	441.297373644989	441.296020507812	441.298309326172	61	18	82	3	4351.5630812872	0	0	0.38713960968782	0.163991791112649	Inf	1	M441.2974
M442.9960	442.996017940251	442.994934082031	442.997039794922	134.5	18	227	2	0	1	0	NA	NA	Inf	0	M442.9960
M443.2678	443.267810964374	443.2666015625	443.268768310547	89	18	111	4	49123.085530599	0	4.15239354012442e-09	-0.641449963420814	0.015365210325455	29.5195726320753	1	M443.2678
M444.2712	444.271189026913	444.270141601562	444.272521972656	90	18	108	3	15569.8226970693	0	5.72814796593324e-05	-0.648989040526443	0.0316510789434626	16.5738420037641	1	M444.2712
M445.1766	445.176633834839	445.175506591797	445.177673339844	56	18	77	3	0	0	0	0.573261837712446	0.131487670776999	Inf	1	M445.1766
M449.2848	449.284758929715	449.283447265625	449.28564453125	60	18	80	3	3508.10217285156	0	0	0.860482946206747	0.0318459411272742	Inf	1	M449.2848
M450.2882	450.288199462891	450.287445068359	450.2890625	56	18	88	3	0	0	0	0.526622144979491	0.0267900085417479	Inf	1	M450.2882
M451.0036	451.003559366862	451.00244140625	451.004455566406	99	19	124	3	0	0	0	-0.459292917791515	0.0234836655076716	Inf	1	M451.0036
M453.1672	453.167210865188	453.166137695312	453.168121337891	60	18	86	4	22559.9349293428	0	0	0.949592322187842	0.00361609838000374	221.868417713345	1	M453.1672
M454.1706	454.170591579648	454.16943359375	454.171844482422	60	18	81	3	11127.4242489769	0	0	0.888776461112119	0.0278089470322394	86.5857076889998	1	M454.1706
M454.9581	454.958146315355	454.957122802734	454.95947265625	67	19	90	3	0	0	0	0.197514009539105	0.320580256440372	Inf	1	M454.9581
M454.9897	454.989691985281	454.988586425781	454.990753173828	81	37	121	2	0	1	0	NA	NA	Inf	0	M454.9897
M455.1653	455.165341584579	455.163940429688	455.166290283203	58	18	78	3	0	0	0	0.732203315626622	0.080428035452138	Inf	1	M455.1653
M455.1740	455.173970031738	455.172790527344	455.174896240234	58	18	76	3	0	0	0	0.414563744993299	0.197096614152983	Inf	1	M455.1740
M455.2299	455.229874119614	455.228454589844	455.230895996094	57	18	76	3	0	0	0	0.482953659430328	0.240798544571115	Inf	1	M455.2299
M457.0205	457.020505507362	457.019500732422	457.021484375	92	19	115	2	0	0	0	-0.378123621711793	0.10561440208385	Inf	0	M457.0205
M459.0772	459.077176958502	459.075805664062	459.078338623047	213	36	252	3	0	1	0	NA	NA	Inf	1	M459.0772
M460.3268	460.326755015055	460.325714111328	460.327606201172	65.5	18	95	2	0	0	0	0.0144720746677551	0.0170608116755749	Inf	0	M460.3268
M462.3424	462.34238719039	462.341094970703	462.343322753906	75	18	96	3	200477.557942708	0	0	0.335554436992228	0.0580605196412991	13.8929837200177	1	M462.3424
M463.3458	463.345787007564	463.344512939453	463.346801757812	73	18	93	3	33838.8983561198	0	0	0.436101521907919	0.053356697906769	15.8265566916281	1	M463.3458
M464.3492	464.349151611328	464.348480224609	464.349853515625	48	27	75	1	0	0	0	0.244178953566817	NA	Inf	0	M464.3492
M464.3579	464.35791984437	464.356903076172	464.358795166016	55	53	108	1	0	0	0	-0.394160510380355	NA	Inf	0	M464.3579
M465.2586	465.258579161109	465.2578125	465.259429931641	58	18	77	3	0	0	0	0.500824405755556	0.10531394280126	Inf	1	M465.2586
M467.1018	467.101844609776	467.101013183594	467.102844238281	58	18	77	2	0	0	0	0.768225952241261	0.109489782136782	Inf	0	M467.1018
M467.1253	467.125313984599	467.124237060547	467.126068115234	57	18	77	3	0	0	0	0.898876069734655	0.0260198351171494	Inf	1	M467.1253
M468.1014	468.101350148519	468.100524902344	468.101989746094	57	18	75	1	0	0	0	0.579024734571033	NA	Inf	0	M468.1014
M468.1286	468.128562644676	468.12744140625	468.129547119141	58	18	79	3	0	0	0	0.674995692642379	0.0141690935968451	Inf	1	M468.1286
M469.2726	469.272583622095	469.271789550781	469.273315429688	63	19	84	2	0	0	0	0.384089656336956	0.0197571450038984	Inf	0	M469.2726
M483.2884	483.28844795975	483.287445068359	483.289886474609	58	20	89	3	0	0	0	0.807976359056853	0.12080188135089	Inf	1	M483.2884
M484.2229	484.222907791138	484.221923828125	484.223968505859	69	18	92	3	0	0	0	0.886800255411759	0.0261820930904741	Inf	1	M484.2229
M484.3243	484.324321578789	484.323150634766	484.325469970703	70	18	91	3	17931.2635091146	0	0	0.744309298222634	0.0136793645981208	Inf	1	M484.3243
M485.2262	485.226244325991	485.225341796875	485.227264404297	62	18	88	3	0	0	0	0.729149988829966	0.0316141592494033	Inf	1	M485.2262
M485.3276	485.32762781779	485.326568603516	485.328735351562	56	18	75	3	0	0	0	0.657815671116899	0.029100513906662	Inf	1	M485.3276
M490.3064	490.306360473633	490.304626464844	490.3076171875	59	18	83	3	0	0	0	0.749132058396844	0.0131358948913212	Inf	1	M490.3064
M496.3397	496.339689922751	496.338409423828	496.340850830078	70	18	89	3	40441.433186849	0	0	0.338940560069878	0.135998297188215	15.5128438177662	1	M496.3397
M497.3430	497.343010519915	497.341796875	497.344146728516	68	18	96	3	0	0	0	0.148867386220841	0.106057254252417	Inf	1	M497.3430
M499.1639	499.163882300967	499.162750244141	499.164978027344	87	18	110	3	0	0	0	-0.480060314153213	0.148500435100228	Inf	1	M499.1639
M500.2983	500.298342285156	500.296508789062	500.299285888672	68	18	89	3	0	0	0	0.486668318132028	0.0965050502605623	Inf	1	M500.2983
M504.3219	504.321945411572	504.320861816406	504.322967529297	67	18	88	3	0	0	0	0.901646517983991	0.00390071093610336	Inf	1	M504.3219
M505.3255	505.325479125977	505.324340820312	505.326507568359	58	18	80	3	0	0	0	0.706782807387349	0.0352507623122217	Inf	1	M505.3255
M507.2716	507.271566199247	507.270538330078	507.272857666016	61.5	18	89	2	0	0	0	0.230726829442906	0.153715266233212	Inf	0	M507.2716
M511.1082	511.108214484321	511.107116699219	511.109649658203	89	18	116	3	0	0	0	-0.606964798181115	0.0167394863058587	Inf	1	M511.1082
M518.3216	518.321627897375	518.320129394531	518.322692871094	70	18	89	3	0	0	0	0.771674282621569	0.0304877733583823	Inf	1	M518.3216
M519.3250	519.32498224998	519.32373046875	519.325988769531	65	18	89	3	0	0	0	0.5527008929668	0.147634795276938	Inf	1	M519.3250
M520.3397	520.339651810496	520.338195800781	520.340759277344	70	18	88	3	0	0	0	0.181655242332518	0.0214164753505694	Inf	1	M520.3397
M522.2962	522.296154315655	522.294982910156	522.297241210938	61	18	83	3	0	0	0	0.606893906913701	0.0450477598534346	Inf	1	M522.2962
M522.3553	522.355263943142	522.35400390625	522.3564453125	61	18	87	3	0	0	0	-0.045793728604654	0.0206428545421792	Inf	1	M522.3553
M524.3710	524.370968194864	524.369567871094	524.37255859375	68	18	89	3	3824.62700737847	0	0	0.177858223469371	0.0869499058782894	Inf	1	M524.3710
M533.3295	533.329502914891	533.328308105469	533.330871582031	55	18	76	3	0	0	0	0.435772331826104	0.150879641903693	Inf	1	M533.3295
M534.2956	534.295569443121	534.294006347656	534.296630859375	58	18	76	3	0	0	0	0.586287266178184	0.137884441472411	Inf	1	M534.2956
M540.3068	540.306774902344	540.305358886719	540.308166503906	70	18	90	3	0	0	0	0.276017632440176	0.0414199656129896	Inf	1	M540.3068
M542.3216	542.321599324544	542.320068359375	542.322875976562	56	18	78	3	3668.97469075521	0	0	0.689547364185824	0.0275926464085886	Inf	1	M542.3216
M543.3252	543.325225830078	543.324096679688	543.326599121094	52	18	70	3	0	0	0	0.0300130855251919	0.241137633761359	Inf	1	M543.3252
M544.3130	544.312953948975	544.3115234375	544.314025878906	56	18	80	3	0	0	0	0.633969392064666	0.0448128025655923	Inf	1	M544.3130
M544.3375	544.337450110394	544.336059570312	544.339294433594	60	18	88	3	0	0	0	0.483071049961695	0.0721606535139011	Inf	1	M544.3375
M545.3162	545.316207159133	545.314880371094	545.3173828125	59	18	88	3	0	0	0	0.502943836852642	0.183226395532996	Inf	1	M545.3162
M546.3530	546.352993164062	546.351684570312	546.354248046875	61	18	80	3	0	0	0	0.632857527426474	0.0838349395033962	Inf	1	M546.3530
M547.3086	547.308591258769	547.307006835938	547.309814453125	63	18	83	3	0	0	0	0.854440838190639	0.023872810406542	Inf	1	M547.3086
M547.3565	547.356479810632	547.355346679688	547.357727050781	59	18	81	2	0	0	0	0.375139880448195	0.098195243285064	Inf	0	M547.3565
M548.3118	548.311819637523	548.310729980469	548.312805175781	59	20	82	3	0	0	0	0.53742533503758	0.0744891410634449	Inf	1	M548.3118
M549.3056	549.305561507958	549.303833007812	549.306701660156	58	18	79	2	0	0	0	0.622718781185895	0.0512628244833692	Inf	0	M549.3056
M549.3241	549.324134377872	549.32275390625	549.325256347656	60	19	81	3	0	0	0	0.784436717302676	0.0731675526641221	Inf	1	M549.3241
M561.3608	561.360847473145	561.359191894531	561.362121582031	55	18	77	3	0	0	0	0.649260509432196	0.0592794631425682	Inf	1	M561.3608
M561.3799	561.379933580326	561.378601074219	561.381164550781	63.5	20	86	2	0	0	0	0.265773192338486	0.0846553876988174	Inf	0	M561.3799
M563.3399	563.339866965336	563.338562011719	563.341003417969	63	18	87	3	0	0	0	0.919647962162213	0.0143140463830001	Inf	1	M563.3399
M564.2744	564.274371603261	564.273010253906	564.275390625	61	18	88	3	0	0	0	0.889709632653419	0.041363778158829	Inf	1	M564.2744
M564.3432	564.343202986807	564.341796875	564.344543457031	62	18	83	3	0	0	0	0.832508748384382	0.0323349710834696	Inf	1	M564.3432
M565.2778	565.277754465739	565.276306152344	565.279296875	61	18	80	3	0	0	0	0.811741113054669	0.0291255818632943	Inf	1	M565.2778
M565.3370	565.336955778405	565.334533691406	565.338684082031	58	18	82	3	0	0	0	0.862644109041238	0.0253427647258676	Inf	1	M565.3370
M565.3555	565.355463115986	565.35400390625	565.3564453125	60	18	80	3	0	0	0	0.869601449383512	0.0481216443015843	Inf	1	M565.3555
M566.2900	566.290014992297	566.288269042969	566.291015625	63	18	88	3	0	0	0	0.854024426600137	0.0489235317541824	Inf	1	M566.2900
M566.3404	566.340352749295	566.339111328125	566.341552734375	59	18	79	2	0	0	0	0.567328606102931	0.0713981653140322	Inf	0	M566.3404
M566.3588	566.35878499349	566.357849121094	566.360107421875	63	18	83	3	0	0	0	0.650255799532827	0.019239333771994	Inf	1	M566.3588
M567.2934	567.293387399593	567.291809082031	567.294860839844	61	18	85	3	0	0	0	0.716765477188782	0.0271174195299024	Inf	1	M567.2934
M567.3524	567.35244516226	567.351318359375	567.353576660156	61	20	81	3	0	0	0	0.435293819272685	0.251145471768614	Inf	1	M567.3524
M568.2693	568.269317004145	568.267822265625	568.270629882812	59	18	88	3	0	0	0	0.747473161176135	0.034800266945136	Inf	1	M568.2693
M575.3343	575.334318273208	575.332946777344	575.335510253906	57	18	77	3	0	0	0	0.662951575384751	0.136549322172562	Inf	1	M575.3343
M576.2805	576.280480521066	576.279174804688	576.281677246094	57	18	75	1	0	0	0	0.475057012422434	NA	Inf	0	M576.2805
M576.3180	576.318046540815	576.316650390625	576.319396972656	70	18	97	3	164273.292046441	0	0	0.908708203436187	0.0103012511795373	27.971864376028	1	M576.3180
M577.3214	577.321365002234	577.313903808594	577.322631835938	72	18	96	4	18358.3276977539	0	0	0.733609189695258	0.27442956462932	Inf	1	M577.3214
M578.3247	578.324668754966	578.32275390625	578.326293945312	60	18	79	3	5956.92133789063	0	0	0.603590829627443	0.0451227366139699	Inf	1	M578.3247
M579.3711	579.371148593184	579.369934082031	579.372314453125	62	18	89	3	0	0	0	0.903480809115426	0.0265375502565589	Inf	1	M579.3711
M579.5346	579.534620397231	579.533020019531	579.535888671875	53	18	98	3	2429.45166015625	0	0	-0.120107737097806	0.195483832496901	Inf	1	M579.5346
M580.3056	580.305642771167	580.304138183594	580.306884765625	62	18	81	3	0	0	0	0.941713044494367	0.0233680675598472	Inf	1	M580.3056
M580.3743	580.374335655799	580.372192382812	580.375732421875	63	18	88	3	0	0	0	0.867658927321139	0.045098744305962	Inf	1	M580.3743
M581.3091	581.309070188608	581.307983398438	581.310363769531	62	18	84	3	0	0	0	0.913689208961517	0.0228019318242075	Inf	1	M581.3091
M581.3682	581.368244969568	581.366882324219	581.369262695312	58	19	79	3	0	0	0	0.825443317116433	0.0497253027504609	Inf	1	M581.3682
M582.3124	582.312407769097	582.310791015625	582.313537597656	61	18	80	3	0	0	0	0.668716758349538	0.0848510310560915	Inf	1	M582.3124
M590.3225	590.322506773706	590.32080078125	590.324157714844	64	18	85	3	0	0	0	0.795004879551849	0.0277844581880322	Inf	1	M590.3225
M591.3258	591.325807446111	591.323791503906	591.326965332031	68	18	89	3	0	0	0	0.790705122395931	0.0586846189737675	Inf	1	M591.3258
M591.4959	591.49591063003	591.493774414062	591.497253417969	55.5	18	76	2	4090.34141322545	0	0	0.268898422237424	0.09567154445584	Inf	0	M591.4959
M592.3292	592.329218845742	592.327331542969	592.330749511719	56	18	77	3	0	0	0	0.420058172534767	0.107594389741366	Inf	1	M592.3292
M597.3453	597.345251995584	597.342956542969	597.3466796875	60	18	81	3	2145.69607204861	0	0	0.657286428270414	0.102894179238875	Inf	1	M597.3453
M598.2799	598.279879222197	598.278381347656	598.281616210938	73	18	92	3	0	0	0	0.775486858093863	0.0880404618749876	Inf	1	M598.2799
M598.3000	598.299953976193	598.298156738281	598.301574707031	58	18	86	3	4387.97941080729	0	0	0.40924435342943	0.0864401670275369	Inf	1	M598.3000
M599.2832	599.283161808894	599.28076171875	599.284790039062	64	18	86	3	0	0	0	0.750433798074276	0.0819575873669479	Inf	1	M599.2832
M599.3035	599.303504119048	599.302001953125	599.304748535156	51.5	18	71	2	0	0	0	0.0706669522367378	0.0488923904090267	Inf	0	M599.3035
M603.3657	603.365688390899	603.36376953125	603.367004394531	58	18	79	3	0	0	0	0.887120456530709	0.0252245667606302	Inf	1	M603.3657
M604.3689	604.368889160156	604.367004394531	604.370056152344	56	18	76	3	0	0	0	0.676919610248087	0.0677330433694815	Inf	1	M604.3689
M607.5661	607.566079416582	607.564331054688	607.5673828125	75	18	107	3	2766.04264322917	0	0	-0.326031511139989	0.202972831621799	Inf	1	M607.5661
M619.5272	619.527156028427	619.524780273438	619.529052734375	63	18	88	3	13782.3136627506	0	0	0.792973279473473	0.0640913699231943	34.3384824169462	1	M619.5272
M620.5304	620.530423823091	620.527770996094	620.531860351562	57	18	82	3	5485.21404351128	0	0	0.500568453433588	0.0319817983779492	Inf	1	M620.5304
M623.1356	623.135562744141	623.133361816406	623.137084960938	98	20	122	3	0	0	0	-0.55349991432517	0.135538692854083	Inf	1	M623.1356
M624.1388	624.138779253837	624.13720703125	624.140319824219	100	18	126	2	0	0	0	-0.415061342992261	0.128026935199297	Inf	0	M624.1388
M629.1524	629.152422223772	629.150451660156	629.153991699219	92	18	116	3	0	0	0	-0.635053391494657	0.0656479368137036	Inf	1	M629.1524
M635.5011	635.501061416254	635.498962402344	635.502502441406	57	18	88	3	0	0	0	0.551618841825941	0.139446436061826	Inf	1	M635.5011
M637.3638	637.363750516451	637.361877441406	637.365417480469	63	18	84	2	0	0	0	0.331169009146418	0.0203625999463802	Inf	0	M637.3638
M645.1048	645.104840739622	645.102600097656	645.106323242188	199	18	243	2	0	1	0	NA	NA	Inf	0	M645.1048
M645.1176	645.117581685384	645.115600585938	645.119201660156	99	18	118	3	0	0	0	-0.628794425187134	0.0353958192424248	Inf	1	M645.1176
M647.5585	647.558513552643	647.556457519531	647.560363769531	64	18	83	3	13157.6329276843	0	0	0.822165821729946	0.0428564396371739	42.3563849823539	1	M647.5585
M648.5619	648.561876128215	648.560241699219	648.563781738281	64	18	86	3	12690.7751193576	0	0	0.668262194075518	0.120963259610943	21.3815702369682	1	M648.5619
M651.1344	651.134402962618	651.13232421875	651.135864257812	90	18	112	3	0	0	0	-0.61551800872139	0.0514882684304754	Inf	1	M651.1344
M660.0821	660.082095833712	660.080017089844	660.083984375	106	20	252	3	0	1	0	NA	NA	Inf	1	M660.0821
M661.0824	661.082416110569	661.080078125	661.083862304688	102	20	252	3	0	1	0	NA	NA	Inf	1	M661.0824
M662.5694	662.569370117188	662.567749023438	662.57080078125	58	18	77	3	0	0	0	0.560191172946208	0.116668790013516	Inf	1	M662.5694
M663.5325	663.532512618835	663.529968261719	663.534545898438	58	18	88	3	0	0	0	0.614968118206975	0.12566275376059	Inf	1	M663.5325
M664.5358	664.535821708473	664.533996582031	664.537170410156	55	18	74	2	0	0	0	0.115489321399766	0.141950347159125	Inf	0	M664.5358
M665.3661	665.366054280599	665.364501953125	665.367309570312	58	18	78	3	0	0	0	0.501529805331427	0.082563617300718	Inf	1	M665.3661
M667.0996	667.099614307134	667.097473144531	667.101257324219	102	18	121	3	0	0	0	-0.640020532228342	0.0737759722192834	Inf	1	M667.0996
M670.2559	670.255922154018	670.254333496094	670.257629394531	59	18	83	3	0	0	0	0.151696404009168	0.0838963858400934	Inf	1	M670.2559
M670.3738	670.373848243996	670.372192382812	670.375244140625	61	18	89	3	0	0	0	0.660699700700072	0.0491474289469239	Inf	1	M670.3738
M671.3772	671.377158140525	671.374816894531	671.378784179688	48	18	86	3	0	0	0	0.278237080569655	0.20541613653265	Inf	1	M671.3772
M672.3895	672.389540452224	672.3876953125	672.391052246094	60	18	79	3	0	0	0	0.479411585940814	0.122853984688087	Inf	1	M672.3895
M673.1164	673.116449883644	673.114562988281	673.118103027344	87	18	112	3	0	0	0	-0.562976581952885	0.0400433651395139	Inf	1	M673.1164
M674.3685	674.368535222234	674.367248535156	674.37060546875	58	18	81	3	0	0	0	0.442460683668318	0.11985657578403	Inf	1	M674.3685
M676.0468	676.046776689509	676.044860839844	676.048278808594	180	37	232	2	0	1	0	NA	NA	Inf	0	M676.0468
M683.0643	683.064296815454	683.061889648438	683.065673828125	103	18	125	3	0	0	0	-0.480637254823519	0.0485308994044733	Inf	1	M683.0643
M683.5431	683.543133205838	683.541198730469	683.544555664062	56	18	78	3	0	0	0	0.363876843680305	0.0599073463567818	Inf	1	M683.5431
M686.4051	686.405067328251	686.403137207031	686.406616210938	70	18	89	3	0	0	0	0.871157064469093	0.0269224627347712	Inf	1	M686.4051
M687.4084	687.408436168324	687.406311035156	687.410400390625	64	18	88	3	0	0	0	0.786382879151076	0.0815014910768363	Inf	1	M687.4084
M688.4118	688.411835457938	688.409362792969	688.413452148438	52.5	18	77	2	0	0	0	0.441493598617622	0.143074142665686	Inf	0	M688.4118
M689.0812	689.08124200229	689.078979492188	689.083129882812	94	18	118	3	0	0	0	-0.641834070824572	0.0203594802119006	Inf	1	M689.0812
M689.3530	689.352976769702	689.351013183594	689.354248046875	87.5	21	110	2	0	0	0	-0.388777078676843	0.0138612836936161	Inf	0	M689.3530
M689.4022	689.402190512799	689.400085449219	689.404296875	59	18	79	3	0	0	0	0.644043004138408	0.122576876367304	Inf	1	M689.4022
M695.0984	695.098381574764	695.096435546875	695.099914550781	81	19	102	3	0	0	0	-0.395403143457194	0.0560264528808235	Inf	1	M695.0984
M703.4544	703.454356892904	703.451232910156	703.4560546875	55	18	75	3	9808.56670690466	0	2.41759945396325e-11	0.344078194120363	0.0750296818955926	10.8299646875888	1	M703.4544
M703.5748	703.574770078554	703.572692871094	703.576843261719	70	18	90	3	0	0	0	0.0538369468147119	0.0921709053391853	Inf	1	M703.5748
M704.3794	704.37939860026	704.377258300781	704.381286621094	62	18	81	3	0	0	0	0.37170508548455	0.116124494995131	Inf	1	M704.3794
M704.5783	704.578295255962	704.576538085938	704.579772949219	60	18	89	3	0	0	0	-0.0351561983302897	0.19672663237462	Inf	1	M704.5783
M705.0463	705.04627550886	705.044250488281	705.047912597656	148.5	36	250	2	0	1	0	NA	NA	Inf	0	M705.0463
M705.3826	705.382605189841	705.380554199219	705.384155273438	66	18	87	2	0	0	0	0.0398888083135636	0.222299469687288	Inf	0	M705.3826
M711.0633	711.06332887105	711.060729980469	711.065307617188	93	19	114	2	0	0	0	-0.218190164466978	0.332667261119777	Inf	0	M711.0633
M711.5745	711.574462890625	711.572326660156	711.576721191406	56	18	78	3	3030.62451171875	0	0	0.886202432893837	0.00702580000473551	Inf	1	M711.5745
M712.5779	712.577927299168	712.575805664062	712.579406738281	58	18	86	3	0	0	0	0.707362592441488	0.053276036603297	Inf	1	M712.5779
M718.6320	718.631963729858	718.630065917969	718.633666992188	51	18	77	3	0	0	0	0.6078256766093	0.0843439723303246	Inf	1	M718.6320
M719.4284	719.428423757342	719.425476074219	719.430541992188	52.5	18	71	2	4829.35791015625	0	1.11022302462516e-16	0.32652467865284	0.0874645493816434	Inf	0	M719.4284
M725.5567	725.556743039923	725.554870605469	725.558776855469	68	18	88	3	0	0	0	0.59669045910897	0.0609730379810091	Inf	1	M725.5567
M726.5600	726.559959129051	726.558044433594	726.561828613281	54	18	72	2	0	0	0	0.17559912483773	0.00357280210295449	Inf	0	M726.5600
M739.6058	739.605814839457	739.603698730469	739.607482910156	60	18	86	3	0	0	0	0.839857108974551	0.0161960462986984	Inf	1	M739.6058
M740.6091	740.609107971191	740.607360839844	740.611572265625	56	18	78	3	0	0	0	0.734403479378243	0.0958666667651706	Inf	1	M740.6091
M751.4289	751.428933536305	751.427124023438	751.430114746094	55	18	88	3	0	0	0	0.12549116732601	0.114717424270191	Inf	1	M751.4289
M758.5692	758.569244559152	758.566528320312	758.571411132812	70	18	94	3	59673.3479817708	0	0	0.505072478349498	0.0798229334661698	12.5473157164391	1	M758.5692
M759.5727	759.57267218121	759.570129394531	759.574768066406	70	18	92	3	6430.83430989583	0	0	0.557221445319681	0.0344945990747609	Inf	1	M759.5727
M760.5758	760.575786515778	760.573181152344	760.577575683594	60	18	86	3	0	0	0	0.124757374620697	0.154313708602592	Inf	1	M760.5758
M760.5849	760.584903081258	760.582763671875	760.586853027344	69	18	93	3	8455.5205078125	0	0	0.415390852928795	0.0524127966881861	Inf	1	M760.5849
M760.5849_2	760.584896569611	760.574523925781	760.586853027344	64	18	93	4	6341.64038085938	0	0	0.342346550143461	0.15222772912767	Inf	1	M760.5849_2
M761.5882	761.588168379189	761.586059570312	761.589965820312	54	18	88	3	3164.939453125	0	0	0.0267194251837938	0.0769117329723827	Inf	1	M761.5882
M780.5512	780.551233814381	780.548400878906	780.553344726562	57	18	86	3	15682.4068196615	0	0	0.822365770478178	0.0466486419075824	Inf	1	M780.5512
M781.5550	781.554980155749	781.552368164062	781.557678222656	57	18	76	3	0	0	0	0.826793386654761	0.0219692548263644	Inf	1	M781.5550
M782.5673	782.567257612179	782.555419921875	782.571228027344	60	18	90	7	2403.3837890625	0	0	0.499476721007038	0.14565314948222	Inf	1	M782.5673
M783.5714	783.571445147196	783.568176269531	783.574157714844	66	18	88	3	3539.853515625	0	0	0.605061239548836	0.081525448171443	Inf	1	M783.5714
M784.5848	784.584842940291	784.582458496094	784.586791992188	66	18	86	3	0	0	0	0.267334861745963	0.0995539724010692	Inf	1	M784.5848
M785.5880	785.587965223524	785.586242675781	785.589660644531	58	18	88	3	0	0	0	0.0357615330974936	0.0912594830083657	Inf	1	M785.5880
M786.6004	786.600424630301	786.598205566406	786.603149414062	70	18	91	3	18957.7119954427	0	0	0.43391647520562	0.230559202725626	Inf	1	M786.6004
M787.6038	787.603848411923	787.601318359375	787.605590820312	68	18	89	3	0	0	0	0.370477466249135	0.120790100052268	Inf	1	M787.6038
M795.5018	795.501845542831	795.500061035156	795.503540039062	52.5	18	71	2	0	0	0	0.175401077467718	0.0127278812959656	Inf	0	M795.5018
M796.5253	796.525251799939	796.523071289062	796.527038574219	56	18	78	3	0	0	0	0.633588217279622	0.093919434470764	Inf	1	M796.5253
M796.5462	796.546185693075	796.544250488281	796.5478515625	53.5	18	73	2	0	0	0	0.377388280740816	0.0192366068413416	Inf	0	M796.5462
M804.5512	804.551221720378	804.548461914062	804.553100585938	59	18	88	3	0	0	0	0.650117703234123	0.154081746532458	Inf	1	M804.5512
M805.5546	805.554553222656	805.552307128906	805.556701660156	56	18	76	3	0	0	0	0.495480542446704	0.115037366222006	Inf	1	M805.5546
M806.5677	806.567656051281	806.56494140625	806.571716308594	68	18	88	3	4267.29353841146	0	0	0.59187404604757	0.094991756453762	Inf	0	M806.5677
M807.5712	807.571219444275	807.568298339844	807.574157714844	56	18	89	3	0	0	0	0.28108720279374	0.227543459250905	Inf	1	M807.5712
M808.5826	808.58257863898	808.57958984375	808.5849609375	57	18	86	3	0	0	0	0.786747104129516	0.0401690494304781	Inf	1	M808.5826
M809.5859	809.585939641584	809.583251953125	809.587463378906	58	18	78	3	0	0	0	0.613573705821667	0.0853683967624121	Inf	1	M809.5859
M810.6003	810.600327925249	810.597412109375	810.603698730469	63	18	82	3	0	0	0	0.292197962503076	0.126857725588344	Inf	1	M810.6003
M813.6843	813.684323659861	813.681823730469	813.686340332031	68.5	18	94	2	0	0	0	-0.319760940652279	0.095620334775837	Inf	0	M813.6843
M828.5517	828.551698599289	828.548889160156	828.554138183594	62	18	89	3	0	0	0	0.68117877307916	0.0788477939191969	Inf	1	M828.5517
M829.5550	829.555008396958	829.553161621094	829.556701660156	56	18	74	2	0	0	0	0.429148853503187	0.246680638953782	Inf	0	M829.5550
M832.5827	832.582662379488	832.579833984375	832.584777832031	54	18	74	3	0	0	0	0.545179850654892	0.0607566919133705	Inf	1	M832.5827
M838.5642	838.564181082589	838.561279296875	838.56640625	52	18	76	3	0	0	0	0.287316508038114	0.115192116348005	Inf	1	M838.5642
M856.5830	856.582992742091	856.580505371094	856.585083007812	63	18	83	3	0	0	0	0.50675303833172	0.151719755718428	Inf	1	M856.5830
M857.5866	857.586585635231	857.584777832031	857.588256835938	55	18	73	3	0	0	0	0.414023455925339	0.0491385293995132	Inf	1	M857.5866
M918.6157	918.615653153304	918.612609863281	918.617553710938	57.5	18	77	2	0	0	0	0.482447842354606	0.0148894876943124	Inf	0	M918.6157
M934.6468	934.646768423227	934.643798828125	934.649597167969	59	18	83	3	0	0	0	0.551469517618018	0.0583750572482909	Inf	1	M934.6468
M935.6502	935.65021387736	935.647216796875	935.65283203125	66	18	89	3	0	0	0	0.417741101527393	0.0863762747996147	Inf	1	M935.6502
M952.6658	952.665781030899	952.663818359375	952.668762207031	57	18	77	2	0	0	0	0.367679817255971	0.225357012575034	Inf	0	M952.6658
